player_name,role,total_runs,strike_rate,total_balls_faced,total_wickets_taken,total_runs_conceded,total_overs_bowled,total_matches_played,matches_played_as_batter,matches_played_as_bowler,matches_won,matches_lost,player_of_match_awards,team,average
V Kohli,Batter,13784,91.70381212,15031,7,681,671,579,579,0,360,219,41,India,1969.142857
KC Sangakkara,Batter,11618,79.39046057,14634,0,0,0,510,510,0,237,273,26,Sri Lanka,
RG Sharma,Batter,10646,90.35817348,11782,11,538,614,577,577,0,358,219,23,India,967.8181818
MS Dhoni,Batter,10274,84.97932175,12090,1,32,38,575,575,0,356,219,20,India,10274
AB de Villiers,Batter,9435,99.44139966,9488,7,205,201,466,466,0,286,180,26,South Africa,1347.857143
TM Dilshan,Batter,9212,85.47833349,10777,97,4197,5141,510,510,0,237,273,24,Sri Lanka,94.96907216
LRPL Taylor,Batter,8126,80.93625498,10040,0,35,45,444,444,0,231,213,16,New Zealand,
DPMD Jayawardene,Batter,8040,78.57701329,10232,2,63,72,510,510,0,237,273,12,Sri Lanka,4020
HM Amla,Batter,7834,86.48708324,9058,0,0,0,470,470,0,290,180,16,South Africa,
Tamim Iqbal,Batter,7648,76.64094599,9979,0,13,7,345,345,0,134,211,13,Bangladesh,
MJ Guptill,Batter,7125,85.24766691,8358,4,100,116,444,444,0,231,213,22,New Zealand,1781.25
Mushfiqur Rahim,Batter,7094,78.9450256,8986,0,0,0,345,345,0,134,211,9,Bangladesh,
MJ Clarke,Batter,6988,76.83342496,9095,56,1868,2264,545,545,0,381,164,10,Australia,124.7857143
RT Ponting,Batter,6979,80.60753061,8658,0,0,0,545,545,0,381,164,17,Australia,
EJG Morgan,Batter,6953,89.5197631,7767,0,0,0,517,517,0,295,222,12,England,
Yuvraj Singh,Batter,6868,85.45477168,8037,99,3438,4028,579,579,0,360,219,20,India,69.37373737
S Dhawan,Batter,6733,89.48697501,7524,0,0,0,577,577,0,358,219,11,India,
Q de Kock,Batter,6661,94.83200456,7024,0,0,0,470,470,0,290,180,19,South Africa,
DA Warner,Batter,6623,94.96702036,6974,0,8,6,545,545,0,381,164,16,Australia,
WU Tharanga,Batter,6482,73.28434144,8845,0,0,0,512,512,0,237,275,11,Sri Lanka,
CH Gayle,Batter,6433,86.53483992,7434,112,3569,4517,427,427,0,165,262,13,West Indies,57.4375
SR Tendulkar,Batter,6432,84.55370054,7607,31,1420,1545,574,574,0,356,218,16,India,207.483871
Mohammad Hafeez,Batter,6351,76.08721696,8347,142,5081,7303,468,468,0,227,241,19,Pakistan,44.72535211
V Sehwag,Batter,5692,101.9340974,5584,58,2083,2475,574,574,0,356,218,15,India,98.13793103
Babar Azam,Batter,5659,86.88776294,6513,0,0,0,462,462,0,223,239,13,Pakistan,
AD Mathews,Batter,5646,81.42486299,6934,137,4068,5205,512,512,0,237,275,9,Sri Lanka,41.21167883
SK Raina,Batter,5585,90.85732878,6147,42,1832,2147,579,579,0,360,219,11,India,132.9761905
SPD Smith,Batter,5549,85.38236652,6499,29,985,1081,543,543,0,381,162,11,Australia,191.3448276
F du Plessis,Batter,5445,86.59351145,6288,2,191,197,470,470,0,290,180,9,South Africa,2722.5
SR Watson,Batter,5357,90.04874769,5949,162,4780,5690,544,544,0,381,163,15,Australia,33.06790123
IR Bell,Batter,5289,75.58953837,6997,6,89,92,518,518,0,295,223,9,England,881.5
AJ Finch,Batter,5188,84.56397718,6135,5,259,287,544,544,0,381,163,7,Australia,1037.6
BB McCullum,Batter,5157,94.50247389,5457,0,0,0,443,443,0,231,212,5,New Zealand,
BRM Taylor,Batter,5130,74.03665753,6929,4,279,262,277,277,0,66,211,4,Zimbabwe,1282.5
Mahmudullah,Batter,5127,75.45253863,6795,83,3605,4086,345,345,0,134,211,4,Bangladesh,61.77108434
MEK Hussey,Batter,5076,84.43113772,6012,4,237,249,545,545,0,381,164,11,Australia,1269
JC Buttler,Batter,5018,114.8283753,4370,0,0,0,519,519,0,295,224,13,England,
SD Hope,Batter,4989,78.14849624,6384,0,0,0,430,430,0,166,264,9,West Indies,
G Gambhir,Batter,4981,83.95415473,5933,0,13,8,579,579,0,360,219,11,India,
JP Duminy,Batter,4928,82.32542599,5986,74,3094,3460,470,470,0,290,180,7,South Africa,66.59459459
Younis Khan,Batter,4777,74.51255654,6411,1,217,222,469,469,0,227,242,10,Pakistan,4777
Misbah-ul-Haq,Batter,4752,72.56069629,6549,0,30,24,469,469,0,227,242,7,Pakistan,
DA Miller,Batter,4466,100.5629363,4441,0,0,0,470,470,0,290,180,4,South Africa,
ST Jayasuriya,Batter,4402,92.13059858,4778,105,3194,4004,510,510,0,237,273,14,Sri Lanka,41.92380952
AC Gilchrist,Batter,4355,102.2300469,4260,0,0,0,538,538,0,376,162,13,Australia,
JJ Roy,Batter,4237,102.9397473,4116,0,0,0,519,519,0,295,224,12,England,
MN Samuels,Batter,4205,74.37212593,5654,66,2952,3692,426,426,0,165,261,12,West Indies,63.71212121
KP Pietersen,Batter,4202,84.20841683,4990,8,368,403,518,518,0,295,223,9,England,525.25
PD Collingwood,Batter,4132,75.1682736,5497,96,3444,4250,518,518,0,295,223,10,England,43.04166667
TWM Latham,Batter,4019,83.39904545,4819,0,0,0,439,439,0,228,211,8,New Zealand,
L Wolvaardt,Batter,3992,71.20941848,5606,0,0,0,471,471,0,290,181,6,South Africa,
H Masakadza,Batter,3955,70.04959263,5646,22,1174,1249,277,277,0,66,211,3,Zimbabwe,179.7727273
ML Hayden,Batter,3939,79.47941889,4956,0,0,0,540,540,0,378,162,5,Australia,
TT Beaumont,Batter,3936,74.6585736,5272,0,0,0,513,513,0,292,221,10,England,
BKG Mendis,Batter,3838,85.0055371,4515,0,28,20,512,512,0,237,275,6,Sri Lanka,
S Chanderpaul,Batter,3804,67.86797502,5605,0,20,26,424,424,0,164,260,7,West Indies,
HH Gibbs,Batter,3766,84.9345963,4434,0,0,0,466,466,0,286,180,9,South Africa,
AJ Strauss,Batter,3729,78.80388842,4732,0,3,6,518,518,0,295,223,7,England,
RR Sarwan,Batter,3717,72.27299242,5143,16,393,383,427,427,0,165,262,6,West Indies,232.3125
JM Bairstow,Batter,3671,99.70124932,3682,0,0,0,516,516,0,294,222,11,England,
LD Chandimal,Batter,3657,72.10173502,5072,0,0,0,508,508,0,236,272,6,Sri Lanka,
GJ Maxwell,Batter,3655,120.5872649,3031,78,3441,3812,544,544,0,381,163,11,Australia,46.85897436
R Dravid,Batter,3650,71.10851354,5133,0,0,0,573,573,0,356,217,5,India,
MM Lanning,Batter,3555,89.20953576,3985,1,44,45,527,527,0,367,160,11,Australia,3555
S Mandhana,Batter,3526,87.99600699,4007,1,36,24,578,578,0,359,219,11,India,3526
Fakhar Zaman,Batter,3434,92.28701962,3721,1,112,135,461,461,0,222,239,9,Pakistan,3434
EA Perry,Batter,3356,78.22843823,4290,83,2352,3198,533,533,0,372,161,16,Australia,40.43373494
PR Stirling,Batter,3338,85.3490156,3911,26,1227,1485,164,164,0,60,104,7,Ireland,128.3846154
E Chigumbura,Batter,3266,77.11924439,4235,88,3551,3753,277,277,0,66,211,6,Zimbabwe,37.11363636
SW Bates,Batter,3245,75.85320243,4278,25,1098,1326,433,433,0,225,208,6,New Zealand,129.8
AN Cook,Batter,3204,75.60169891,4238,0,0,0,517,517,0,295,222,7,England,
HDRL Thirimanne,Batter,3164,71.19711971,4444,3,94,107,506,506,0,236,270,2,Sri Lanka,1054.666667
HC Knight,Batter,3158,75.10107015,4205,48,1020,1392,507,507,0,291,216,8,England,65.79166667
MDKJ Perera,Batter,3077,91.17037037,3375,0,0,0,512,512,0,237,275,5,Sri Lanka,
Umar Akmal,Batter,3032,83.61831219,3626,0,0,0,467,467,0,226,241,6,Pakistan,
GJ Bailey,Batter,3011,81.99891068,3672,0,0,0,544,544,0,381,163,4,Australia,
DM Bravo,Batter,3007,67.19553073,4475,0,0,0,427,427,0,165,262,3,West Indies,
BJ Haddin,Batter,3003,82.31907895,3648,0,0,0,545,545,0,381,164,3,Australia,
M Raj,Batter,2949,68.26388889,4320,0,0,0,564,564,0,349,215,6,India,
AM Rahane,Batter,2906,76.23294858,3812,0,0,0,571,571,0,354,217,5,India,
AE Satterthwaite,Batter,2895,80.01658375,3618,29,839,1060,433,433,0,225,208,5,New Zealand,99.82758621
Imam-ul-Haq,Batter,2840,81.32875143,3492,0,0,0,451,451,0,220,231,3,Pakistan,
T Taibu,Batter,2837,66.95775313,4237,0,20,25,275,275,0,66,209,3,Zimbabwe,
IJL Trott,Batter,2819,75.53590568,3732,3,174,185,505,505,0,289,216,3,England,939.6666667
SFM Devine,Batter,2796,87.53913588,3194,55,1914,2489,433,433,0,225,208,8,New Zealand,50.83636364
Mohammad Yousuf,Batter,2783,74.39187383,3741,1,0,1,458,458,0,221,237,2,Pakistan,2783
CR Ervine,Batter,2770,76.2875241,3631,0,0,0,277,277,0,66,211,6,Zimbabwe,
MR Marsh,Batter,2762,93.53200135,2953,57,2047,2257,543,543,0,381,162,8,Australia,48.45614035
KL Rahul,Batter,2761,86.36221458,3197,0,0,0,580,580,0,360,220,4,India,
DJ Bravo,Batter,2760,78.72219053,3506,193,5330,6052,427,427,0,165,262,9,West Indies,14.30051813
AC Jayangani,Batter,2760,77.98813224,3539,34,1295,1421,497,497,0,231,266,8,Sri Lanka,81.17647059
AJ Healy,Batter,2759,95.2364515,2897,0,0,0,533,533,0,372,161,8,Australia,
Kamran Akmal,Batter,2746,81.38707765,3374,0,0,0,469,469,0,227,242,4,Pakistan,
RS Bopara,Batter,2689,76.39204545,3520,41,1546,1858,509,509,0,291,218,5,England,65.58536585
WTS Porterfield,Batter,2670,67.39020697,3962,0,0,0,164,164,0,60,104,5,Ireland,
TM Head,Batter,2645,102.202473,2588,25,1062,1117,543,543,0,381,162,7,Australia,105.8
SE Marsh,Batter,2622,79.02350814,3318,0,0,0,545,545,0,381,164,4,Australia,
MV Boucher,Batter,2617,88.38230328,2961,0,0,0,466,466,0,286,180,2,South Africa,
KA Pollard,Batter,2608,90.64998262,2877,59,2086,2226,429,429,0,165,264,4,West Indies,44.20338983
Ahmed Shehzad,Batter,2555,70.52166713,3623,2,140,116,466,466,0,225,241,6,Pakistan,1277.5
L Lee,Batter,2516,82.6544021,3044,2,56,86,471,471,0,290,181,6,South Africa,1258
A Balbirnie,Batter,2438,74.21613394,3285,1,31,24,163,163,0,59,104,4,Ireland,2438
BL Mooney,Batter,2433,84.71448468,2872,0,0,0,533,533,0,372,161,4,Australia,
SC Ganguly,Batter,2409,70.25371829,3429,22,864,1015,573,573,0,356,217,5,India,109.5
SS Iyer,Batter,2396,98.03600655,2444,0,39,39,576,576,0,357,219,4,India,
HE van der Dussen,Batter,2388,85.10334996,2806,1,3,6,472,472,0,291,181,3,South Africa,2388
AD Hales,Batter,2330,93.83809907,2483,0,0,0,515,515,0,294,221,5,England,
Shubman Gill,Batter,2328,99.0216929,2351,0,25,18,560,560,0,347,213,4,India,
Abdul Razzaq,Batter,2327,86.53774637,2689,110,3694,4518,464,464,0,224,240,9,Pakistan,21.15454545
HK Matthews,Batter,2327,75.16149871,3096,83,2210,3025,428,428,0,165,263,10,West Indies,28.03614458
RD Berrington,Batter,2292,74.36729396,3082,15,647,762,101,101,0,54,47,4,Scotland,152.8
Sarfraz Ahmed,Batter,2289,85.63411897,2673,0,15,12,467,467,0,226,241,5,Pakistan,
KJ Coetzer,Batter,2280,80.67940552,2826,1,132,169,101,101,0,54,47,3,Scotland,2280
MM Ali,Batter,2278,94.21009098,2418,119,5303,5935,519,519,0,295,224,5,England,19.14285714
Mohammad Rizwan,Batter,2254,87.36434109,2580,0,0,0,462,462,0,223,239,1,Pakistan,
Imrul Kayes,Batter,2242,68.60465116,3268,0,0,0,345,345,0,134,211,4,Bangladesh,
DR Martyn,Batter,2239,75.38720539,2970,1,78,90,540,540,0,378,162,5,Australia,2239
M du Preez,Batter,2223,69.59924859,3194,1,22,18,471,471,0,290,181,7,South Africa,2223
M Kapp,Batter,2195,85.30897785,2573,133,3154,4729,471,471,0,290,181,8,South Africa,16.5037594
Salman Butt,Batter,2186,74.55661664,2932,0,90,72,469,469,0,227,242,5,Pakistan,
Liton Das,Batter,2178,84.32055749,2583,0,0,0,336,336,0,132,204,4,Bangladesh,
JO Holder,Batter,2144,88.19415878,2431,162,5712,6205,429,429,0,165,264,5,West Indies,13.2345679
SP Fleming,Batter,2133,70.256917,3036,0,0,0,441,441,0,229,212,5,New Zealand,
V Sibanda,Batter,2125,61.29218344,3467,4,267,276,276,276,0,66,210,2,Zimbabwe,531.25
HM Nicholls,Batter,2116,78.98469578,2679,0,0,0,437,437,0,227,210,2,New Zealand,
A Flintoff,Batter,2096,88.58833474,2366,132,2682,3784,509,509,0,291,218,9,England,15.87878788
S Luus,Batter,2080,65.28562461,3186,84,2006,2630,471,471,0,290,181,3,South Africa,24.76190476
D Ramdin,Batter,2072,78.60394537,2636,0,0,0,426,426,0,165,261,1,West Indies,
AE Jones,Batter,2071,83.50806452,2480,0,0,0,513,513,0,292,221,4,England,
CL White,Batter,2053,79.48122338,2583,11,331,318,539,539,0,377,162,3,Australia,186.6363636
Soumya Sarkar,Batter,2044,95.29137529,2145,20,545,543,336,336,0,132,204,5,Bangladesh,102.2
CS MacLeod,Batter,2015,78.40466926,2570,8,635,774,101,101,0,54,47,5,Scotland,251.875
ME Trescothick,Batter,1997,80.52419355,2480,2,149,155,518,518,0,295,223,4,England,998.5
KJ O'Brien,Batter,1990,92.51510925,2151,60,2221,2392,164,164,0,60,104,4,Ireland,33.16666667
CJ Chibhabha,Batter,1987,63.48242812,3130,30,1379,1417,275,275,0,66,209,1,Zimbabwe,66.23333333
AT Carey,Batter,1978,87.63845813,2257,0,0,0,543,543,0,381,162,2,Australia,
MS Atapattu,Batter,1978,66.82432432,2960,0,0,0,509,509,0,236,273,3,Sri Lanka,
H Klaasen,Batter,1977,115.008726,1719,0,33,30,469,469,0,289,180,7,South Africa,
RL Haynes,Batter,1966,79.11468813,2485,2,34,24,527,527,0,367,160,5,Australia,983
LMP Simmons,Batter,1958,71.43378329,2741,1,172,163,426,426,0,165,261,2,West Indies,1958
Bismah Maroof,Batter,1938,63.27130264,3063,12,498,666,459,459,0,221,238,2,Pakistan,161.5
Inzamam-ul-Haq,Batter,1916,77.19580983,2482,0,0,0,464,464,0,224,240,3,Pakistan,
E Lewis,Batter,1903,85.75935106,2219,0,0,0,429,429,0,165,264,4,West Indies,
BC Lara,Batter,1878,76.49694501,2455,0,0,0,424,424,0,164,260,1,West Indies,
AC Kerr,Batter,1854,74.96967246,2473,97,2891,3719,433,433,0,225,208,3,New Zealand,19.11340206
DJG Sammy,Batter,1853,96.20976116,1926,87,3842,4891,427,427,0,165,262,5,West Indies,21.29885057
EC Joyce,Batter,1845,69.2048012,2666,0,0,0,164,164,0,60,104,5,Ireland,
V Aravind,Batter,1843,67.23823422,2741,0,0,0,99,99,0,34,65,2,United Arab Emirates,
N Pooran,Batter,1829,95.60899111,1913,6,174,178,429,429,0,165,264,1,West Indies,304.8333333
KIC Asalanka,Batter,1810,86.60287081,2090,16,388,486,495,495,0,230,265,3,Sri Lanka,113.125
P Nissanka,Batter,1810,84.10780669,2152,0,0,0,495,495,0,230,265,2,Sri Lanka,
MG Erasmus,Batter,1810,78.42287695,2308,34,921,1286,55,55,0,26,29,5,Namibia,53.23529412
Azhar Ali,Batter,1806,72.88135593,2478,4,262,264,468,468,0,227,241,1,Pakistan,451.5
MS Wade,Batter,1792,80.50314465,2226,0,0,0,535,535,0,374,161,3,Australia,
MD Patel,Batter,1792,80.03573024,2239,0,0,0,64,64,0,30,34,6,United States of America,
A Vala,Batter,1783,68.73554356,2594,47,1320,2017,63,63,0,12,51,1,Papua New Guinea,37.93617021
M Labuschagne,Batter,1764,82.81690141,2130,6,284,254,543,543,0,381,162,2,Australia,294
HH Pandya,Batter,1762,107.7017115,1636,81,2919,3218,572,572,0,355,217,4,India,21.75308642
Yousuf Youhana,Batter,1740,78.80434783,2208,0,1,1,464,464,0,224,240,4,Pakistan,
Haris Sohail,Batter,1709,85.02487562,2010,13,593,613,468,468,0,227,241,2,Pakistan,131.4615385
NJ O'Brien,Batter,1692,70.67669173,2394,0,0,0,161,161,0,57,104,2,Ireland,
MP O'Dowd,Batter,1682,68.90618599,2441,1,129,127,90,90,0,29,61,4,Netherlands,1682
DN Wyatt,Batter,1680,90.76175041,1851,14,447,537,513,513,0,292,221,4,England,120
DJS Dottin,Batter,1679,81.11111111,2070,53,1209,1496,428,428,0,165,263,4,West Indies,31.67924528
HG Munsey,Batter,1675,85.15505846,1967,0,0,0,101,101,0,54,47,1,Scotland,
MH Cross,Batter,1675,67.9788961,2464,0,0,0,101,101,0,54,47,3,Scotland,
DJ Hussey,Batter,1672,87.44769874,1912,19,694,791,545,545,0,381,164,1,Australia,88
SJ Taylor,Batter,1651,85.45548654,1932,0,0,0,507,507,0,291,216,6,England,
AT Rayudu,Batter,1637,76.38824078,2143,3,128,124,575,575,0,356,219,3,India,545.6666667
RK Paudel,Batter,1629,73.24640288,2224,10,238,346,65,65,0,33,32,5,Nepal,162.9
KD Karthik,Batter,1624,71.38461538,2275,0,0,0,569,569,0,352,217,1,India,
HT Tector,Batter,1622,83.99792853,1931,2,149,148,163,163,0,59,104,0,Ireland,811
DJ Mitchell,Batter,1616,96.5929468,1673,13,293,315,431,431,0,224,207,0,New Zealand,124.3076923
N Dickwella,Batter,1604,91.24004551,1758,0,0,0,512,512,0,237,275,1,Sri Lanka,
Sidra Ameen,Batter,1595,63.04347826,2530,0,0,0,459,459,0,221,238,5,Pakistan,
MD Gunathilaka,Batter,1592,83.83359663,1899,8,375,405,507,507,0,236,271,2,Sri Lanka,199
OA Shah,Batter,1579,80.43810494,1963,7,184,199,502,502,0,287,215,2,England,225.5714286
NJ Astle,Batter,1571,75.60153994,2078,8,346,404,434,434,0,225,209,5,New Zealand,196.375
T Bavuma,Batter,1548,87.26042841,1774,0,22,37,443,443,0,272,171,2,South Africa,
J Charles,Batter,1544,83.91304348,1840,0,12,7,430,430,0,166,264,3,West Indies,
UT Khawaja,Batter,1539,82.52010724,1865,0,0,0,542,542,0,380,162,3,Australia,
JDS Neesham,Batter,1508,98.04941482,1538,71,2573,2512,439,439,0,228,211,1,New Zealand,21.23943662
CK Kapugedera,Batter,1505,69.77283264,2157,2,226,271,510,510,0,237,273,1,Sri Lanka,752.5
SA Edwards,Batter,1504,90.6570223,1659,0,0,0,90,90,0,29,61,3,Netherlands,
MP Stoinis,Batter,1489,91.80024661,1622,48,2067,2073,543,543,0,381,162,1,Australia,31.02083333
Yasir Hameed,Batter,1459,65.57303371,2225,0,0,0,464,464,0,224,240,4,Pakistan,
NE Bolton,Batter,1443,69.7438376,2069,2,37,30,516,516,0,360,156,6,Australia,721.5
CL Tryon,Batter,1440,107.1428571,1344,40,1445,1914,464,464,0,285,179,4,South Africa,36
PG Raut,Batter,1436,61.10638298,2350,0,0,0,578,578,0,359,219,3,India,
WA Young,Batter,1426,86.16314199,1655,0,0,0,416,416,0,219,197,5,New Zealand,
Aasif Sheikh,Batter,1423,73.23726197,1943,0,0,0,65,65,0,33,32,5,Nepal,
DJ Malan,Batter,1418,94.28191489,1504,1,17,15,519,519,0,295,224,4,England,1418
Nasir Jamshed,Batter,1418,73.43345417,1931,0,0,0,466,466,0,225,241,3,Pakistan,
T Chetty,Batter,1414,68.50775194,2064,0,0,0,471,471,0,290,181,3,South Africa,
SO Hetmyer,Batter,1410,105.6179775,1335,0,0,0,429,429,0,165,264,4,West Indies,
Javeria Khan,Batter,1408,61.51157711,2289,8,271,299,463,463,0,223,240,2,Pakistan,176
ML Green,Batter,1407,67.7093359,2078,0,81,79,433,433,0,225,208,3,New Zealand,
WIA Fernando,Batter,1404,84.93647913,1653,0,0,0,511,511,0,237,274,6,Sri Lanka,
Rohan Mustafa,Batter,1401,61.96373286,2261,87,2654,3508,99,99,0,34,65,4,United Arab Emirates,16.10344828
Waseem Muhammad,Batter,1398,85.87223587,1628,0,96,75,99,99,0,34,65,2,United Arab Emirates,
L Ronchi,Batter,1397,112.5705077,1241,0,0,0,439,439,0,228,211,1,New Zealand,
MP Vaughan,Batter,1382,65.25023607,2118,9,429,522,509,509,0,291,218,2,England,153.5555556
Jatinder Singh,Batter,1356,71.36842105,1900,1,37,43,52,52,0,27,25,2,Oman,1356
GH Lewis,Batter,1348,65.9813999,2043,8,373,390,162,162,0,58,104,2,Ireland,168.5
JR Hopes,Batter,1326,92.33983287,1436,73,2414,3132,545,545,0,381,164,2,Australia,18.16438356
Anamul Haque,Batter,1322,74.06162465,1785,0,0,0,342,342,0,134,208,2,Bangladesh,
KM Jadhav,Batter,1318,100.841622,1307,28,1005,1173,576,576,0,357,219,3,India,47.07142857
M Kaif,Batter,1314,63.72453928,2062,0,0,0,570,570,0,353,217,1,India,
Asad Shafiq,Batter,1312,66.06243706,1986,0,18,12,460,460,0,222,238,0,Pakistan,
S Matsikenyeri,Batter,1309,66.51422764,1968,15,563,687,266,266,0,64,202,0,Zimbabwe,87.26666667
MA Leask,Batter,1306,111.3384484,1173,64,1789,2184,101,101,0,54,47,3,Scotland,20.40625
BA King,Batter,1306,82.8680203,1576,0,0,0,430,430,0,166,264,4,West Indies,
Mashrafe Mortaza,Batter,1304,81.04412679,1609,227,7441,8756,343,343,0,134,209,9,Bangladesh,5.744493392
M van Lingen,Batter,1300,90.15256588,1442,2,65,76,55,55,0,26,29,4,Namibia,650
HH Dippenaar,Batter,1283,67.41986337,1903,0,0,0,445,445,0,272,173,7,South Africa,
LPC Silva,Batter,1279,70.85872576,1805,1,34,44,496,496,0,231,265,1,Sri Lanka,1279
Fargana Hoque,Batter,1275,49.39945757,2581,0,0,0,333,333,0,130,203,1,Bangladesh,
DR Smith,Batter,1261,88.18181818,1430,53,1888,2257,426,426,0,165,261,3,West Indies,23.79245283
Sabbir Rahman,Batter,1259,90.25089606,1395,3,337,289,335,335,0,132,203,0,Bangladesh,419.6666667
C Munro,Batter,1249,103.4797017,1207,9,483,563,439,439,0,228,211,0,New Zealand,138.7777778
JD Ryder,Batter,1242,95.98145286,1294,11,357,359,435,435,0,226,209,3,New Zealand,112.9090909
RR Rossouw,Batter,1239,92.39373602,1341,1,44,46,451,451,0,277,174,1,South Africa,1239
GC Wilson,Batter,1232,74.53115547,1653,0,0,0,164,164,0,60,104,1,Ireland,
Imran Farhat,Batter,1232,64.5364065,1909,2,44,51,467,467,0,226,241,1,Pakistan,616
MJ Prior,Batter,1229,74.39467312,1652,0,0,0,503,503,0,288,215,1,England,
DP Conway,Batter,1226,86.95035461,1410,0,0,0,431,431,0,224,207,3,New Zealand,
IK Pathan,Batter,1226,79.19896641,1548,156,4419,5050,563,563,0,348,215,5,India,7.858974359
PG Fulton,Batter,1216,70.45191194,1726,0,0,0,443,443,0,231,212,3,New Zealand,
Shahriar Nafees,Batter,1216,66.92350028,1817,0,0,0,345,345,0,134,211,3,Bangladesh,
Aliya Riaz,Batter,1207,63.66033755,1896,13,806,894,463,463,0,223,240,1,Pakistan,92.84615385
RS Morton,Batter,1205,64.36965812,1872,0,2,6,408,408,0,157,251,2,West Indies,
TP Ura,Batter,1196,78.37483617,1526,0,12,6,63,63,0,12,51,1,Papua New Guinea,
Vikramjit Singh,Batter,1190,70.33096927,1692,7,261,257,90,90,0,29,61,2,Netherlands,170
Mehedi Hasan Miraz,Batter,1188,78.36411609,1516,107,3511,4240,336,336,0,132,204,5,Bangladesh,11.10280374
K Bhurtel,Batter,1182,78.90520694,1498,12,292,361,65,65,0,33,32,3,Nepal,98.5
Raqibul Hasan,Batter,1177,61.62303665,1910,0,0,0,337,337,0,132,205,0,Bangladesh,
A Gardner,Batter,1175,100.5993151,1168,103,2068,3018,527,527,0,367,160,4,Australia,11.40776699
Nida Dar,Batter,1171,65.63901345,1784,62,2224,2917,463,463,0,223,240,2,Pakistan,18.88709677
SA Campbelle,Batter,1167,59.90759754,1948,4,130,195,420,420,0,163,257,1,West Indies,291.75
Nazmul Hossain Shanto,Batter,1165,79.95881949,1457,1,59,72,329,329,0,127,202,2,Bangladesh,1165
KJ Martin,Batter,1161,75.5859375,1536,0,0,0,426,426,0,222,204,1,New Zealand,
Asif Khan,Batter,1155,80.99579243,1426,0,0,0,99,99,0,34,65,4,United Arab Emirates,
MD Shanaka,Batter,1153,87.54745634,1317,22,844,938,498,498,0,231,267,1,Sri Lanka,52.40909091
Nahida Khan,Batter,1121,63.69318182,1760,0,12,12,456,456,0,221,235,0,Pakistan,
RW Chakabva,Batter,1106,67.03030303,1650,0,0,0,274,274,0,66,208,0,Zimbabwe,
L Vincent,Batter,1089,68.36158192,1593,1,22,18,434,434,0,225,209,4,New Zealand,1089
F Behardien,Batter,1074,96.40933573,1114,12,694,716,463,463,0,284,179,1,South Africa,89.5
S Samarawickrama,Batter,1073,90.625,1184,0,0,0,495,495,0,230,265,2,Sri Lanka,
WW Hinds,Batter,1066,65.5596556,1626,22,515,626,424,424,0,164,260,1,West Indies,48.45454545
Aftab Ahmed,Batter,1061,73.12198484,1451,4,379,411,344,344,0,134,210,2,Bangladesh,265.25
CM Edwards,Batter,1054,71.99453552,1464,2,51,48,507,507,0,291,216,4,England,527
JI Rodrigues,Batter,1051,80.90839107,1299,5,13,39,578,578,0,359,219,2,India,210.2
FDM Karunaratne,Batter,1044,76.59574468,1363,0,18,16,511,511,0,237,274,1,Sri Lanka,
SM Katich,Batter,1041,68.62228082,1517,0,0,0,537,537,0,376,161,0,Australia,
MN Waller,Batter,1039,75.12653651,1383,9,497,580,261,261,0,62,199,1,Zimbabwe,115.4444444
RP Arnold,Batter,1039,69.68477532,1491,8,326,352,509,509,0,236,273,0,Sri Lanka,129.875
AD Russell,Batter,1034,128.447205,805,72,2235,2362,426,426,0,165,261,5,West Indies,14.36111111
Aarif Sheikh,Batter,1032,62.62135922,1648,8,589,762,65,65,0,33,32,2,Nepal,129
Junaid Siddique,Batter,1021,66.68843893,1531,77,2137,2575,99,99,0,34,65,0,United Arab Emirates,13.25974026
KU Carty,Batter,1000,75.93014427,1317,0,28,27,430,430,0,166,264,0,West Indies,
KH Prajapati,Batter,996,73.72316802,1351,0,1,2,51,51,0,27,24,1,Oman,
C Kieswetter,Batter,985,87.16814159,1130,0,0,0,517,517,0,295,222,1,England,
DS Smith,Batter,973,70.55837563,1379,0,17,18,414,414,0,161,253,1,West Indies,
JN Malan,Batter,958,81.39337298,1177,0,0,0,458,458,0,282,176,2,South Africa,
AJ Blackwell,Batter,953,75.75516693,1258,0,0,0,516,516,0,360,156,2,Australia,
CJA Amini,Batter,952,61.61812298,1545,33,1298,1620,63,63,0,12,51,2,Papua New Guinea,28.84848485
Muneeba Ali,Batter,948,58.91858297,1609,0,0,0,463,463,0,223,240,0,Pakistan,
Shaiman Anwar,Batter,947,81.49741824,1162,5,136,117,97,97,0,33,64,0,United Arab Emirates,189.4
JM How,Batter,939,64.80331263,1449,0,0,0,444,444,0,231,213,3,New Zealand,
G Singh,Batter,938,81.21212121,1155,6,97,113,64,64,0,30,34,3,United States of America,156.3333333
Imad Wasim,Batter,937,108.9534884,860,44,1936,2388,462,462,0,223,239,0,Pakistan,21.29545455
MG Johnson,Batter,934,93.21357285,1002,243,5977,7537,545,545,0,381,164,6,Australia,3.843621399
RV Uthappa,Batter,934,87.28971963,1070,0,0,2,573,573,0,356,217,0,India,
KOA Powell,Batter,934,78.42149454,1191,0,0,0,427,427,0,165,262,0,West Indies,
RR Hendricks,Batter,930,76.79603633,1211,1,47,42,472,472,0,291,181,2,South Africa,930
Nigar Sultana,Batter,927,48.81516588,1899,0,0,0,333,333,0,130,203,2,Bangladesh,
Habibul Bashar,Batter,926,55.41591861,1671,0,0,0,343,343,0,134,209,0,Bangladesh,
Chirag Suri,Batter,924,62.77173913,1472,0,0,0,95,95,0,33,62,1,United Arab Emirates,
NT Broom,Batter,919,78.68150685,1168,0,0,0,443,443,0,231,212,1,New Zealand,
R Powell,Batter,915,86.81214421,1054,3,261,256,425,425,0,164,261,1,West Indies,305
CP Rizwan,Batter,901,57.27908455,1573,1,51,61,98,98,0,34,64,1,United Arab Emirates,901
SJ Modani,Batter,898,61.50684932,1460,0,6,12,64,64,0,30,34,1,United States of America,
P Litchfield,Batter,895,78.37127846,1142,0,0,0,533,533,0,372,161,4,Australia,
BJ McMullen,Batter,888,83.93194707,1058,39,724,1048,85,85,0,46,39,3,Scotland,22.76923077
Muhammad Usman,Batter,888,73.26732673,1212,0,0,0,95,95,0,33,62,0,United Arab Emirates,
Ishan Kishan,Batter,886,99.5505618,890,0,0,0,553,553,0,341,212,1,India,
JWA Taylor,Batter,879,79.54751131,1105,0,0,0,511,511,0,291,220,3,England,
S Bau,Batter,874,58.93459204,1483,13,492,613,63,63,0,12,51,2,Papua New Guinea,67.23076923
RR Pant,Batter,871,102.9550827,846,0,0,0,576,576,0,357,219,1,India,
TT Bresnan,Batter,871,88.51626016,984,120,3879,4300,517,517,0,295,222,0,England,7.258333333
PD Salt,Batter,866,112.4675325,770,0,0,0,495,495,0,284,211,0,England,
DS Airee,Batter,861,70.74774035,1217,46,1287,1919,65,65,0,33,32,2,Nepal,18.7173913
TD Paine,Batter,861,68.88,1250,0,0,0,521,521,0,363,158,1,Australia,
PWH de Silva,Batter,859,102.7511962,836,85,2164,2482,478,478,0,221,257,4,Sri Lanka,10.10588235
Rameez Shahzad,Batter,848,75.84973166,1118,0,34,34,99,99,0,34,65,1,United Arab Emirates,
Shoaib Khan,Batter,843,82.24390244,1025,2,131,146,51,51,0,27,24,2,Oman,421.5
SSJ Brooks,Batter,842,73.2173913,1150,0,0,0,430,430,0,166,264,2,West Indies,
JJ Smit,Batter,839,71.89374464,1167,39,794,1134,54,54,0,25,29,1,Namibia,21.51282051
CN Nation,Batter,831,54.45609436,1526,0,9,6,428,428,0,165,263,0,West Indies,
TM Odoyo,Batter,830,69.10907577,1201,45,1172,1635,38,38,0,13,25,2,Kenya,18.44444444
VS Solanki,Batter,829,69.43048576,1194,1,80,84,518,518,0,295,223,1,England,829
VVS Laxman,Batter,828,72.50437828,1142,0,0,0,570,570,0,353,217,2,India,
BM Halliday,Batter,828,70.64846416,1172,7,209,223,428,428,0,222,206,0,New Zealand,118.2857143
AL Phehlukwayo,Batter,827,83.03212851,996,96,3003,3189,470,470,0,290,180,1,South Africa,8.614583333
SHT Kandamby,Batter,827,69.03171953,1198,2,175,177,510,510,0,237,273,0,Sri Lanka,413.5
PJ Hughes,Batter,826,73.88193202,1118,0,0,0,544,544,0,381,163,2,Australia,
O Prendergast,Batter,821,74.36594203,1104,18,616,733,162,162,0,58,104,1,Ireland,45.61111111
W Barresi,Batter,820,76.20817844,1076,0,13,6,90,90,0,29,61,0,Netherlands,
JA Rudolph,Batter,820,66.7752443,1228,0,0,0,445,445,0,272,173,0,South Africa,
L Goodall,Batter,817,59.8973607,1364,0,0,0,471,471,0,290,181,1,South Africa,
YK Pathan,Batter,810,110.0543478,736,37,1379,1517,579,579,0,360,219,2,India,21.89189189
MF Maharoof,Batter,799,80.62563068,991,118,3113,3911,510,510,0,237,273,6,Sri Lanka,6.771186441
AC Voges,Batter,798,83.47280335,956,6,240,247,544,544,0,381,163,2,Australia,133
JN Loftie-Eaton,Batter,796,74.25373134,1072,22,498,542,55,55,0,26,29,2,Namibia,36.18181818
SIR Dunkley,Batter,789,79.45619335,993,1,1,4,513,513,0,292,221,2,England,789
Sharjeel Khan,Batter,787,113.7283237,692,0,0,0,462,462,0,223,239,0,Pakistan,
T Brits,Batter,786,69.1292876,1137,0,0,0,453,453,0,278,175,1,South Africa,
A Steyn,Batter,781,61.11111111,1278,0,0,0,438,438,0,270,168,1,South Africa,
A Hunter,Batter,776,81.68421053,950,0,0,0,162,162,0,58,104,1,Ireland,
SA Yadav,Batter,773,102.9294274,751,0,17,12,553,553,0,341,212,0,India,
N Vanua,Batter,769,78.95277207,974,56,1880,2223,63,63,0,12,51,1,Papua New Guinea,13.73214286
CA Ingram,Batter,761,81.39037433,935,0,17,6,456,456,0,280,176,3,South Africa,
AG Prince,Batter,761,67.58436945,1126,0,3,12,466,466,0,286,180,1,South Africa,
Towhid Hridoy,Batter,759,85.47297297,888,0,2,1,327,327,0,127,200,1,Bangladesh,
Kushal Malla,Batter,756,86.89655172,870,26,766,1068,65,65,0,33,32,1,Nepal,29.07692308
MG Bevan,Batter,755,64.14613424,1177,0,0,0,540,540,0,378,162,1,Australia,
G Malla,Batter,753,65.76419214,1145,1,18,19,65,65,0,33,32,0,Nepal,753
L Siaka,Batter,749,73.93879566,1013,3,153,202,62,62,0,12,50,1,Papua New Guinea,249.6666667
LS Greenway,Batter,732,65.82733813,1112,0,0,0,507,507,0,291,216,2,England,
SF Mire,Batter,729,77.22457627,944,11,420,408,277,277,0,66,211,1,Zimbabwe,66.27272727
H Madavi,Batter,729,66.69716377,1093,0,33,25,489,489,0,226,263,0,Sri Lanka,
Pargat Singh,Batter,722,77.6344086,930,5,84,116,51,51,0,18,33,2,Canada,144.4
GO Jones,Batter,715,80.97395243,883,0,0,0,518,518,0,295,223,2,England,
AT Nidamanuru,Batter,713,91.29321383,781,0,8,6,86,86,0,25,61,1,Netherlands,
SR Mukkamalla,Batter,711,82.86713287,858,0,0,0,62,62,0,29,33,1,United States of America,
Mohammad Mithun,Batter,711,75,948,0,12,13,334,334,0,131,203,0,Bangladesh,
GD Phillips,Batter,710,94.79305741,749,13,541,547,431,431,0,224,207,1,New Zealand,54.61538462
R Ashwin,Batter,707,85.07821901,831,166,5228,6358,579,579,0,360,219,3,India,4.259036145
LJ Wright,Batter,707,84.36754177,838,17,910,1050,517,517,0,295,222,0,England,41.58823529
JA Morkel,Batter,705,96.9738652,727,50,1736,1900,459,459,0,283,176,3,South Africa,14.1
SO Tikolo,Batter,705,64.26618049,1097,28,919,1089,38,38,0,13,25,0,Kenya,25.17857143
NND de Silva,Batter,703,66.07142857,1064,3,228,270,497,497,0,231,266,0,Sri Lanka,234.3333333
B Sharki,Batter,703,65.03237743,1081,0,8,6,65,65,0,33,32,1,Nepal,
BM Duckett,Batter,700,98.17671809,713,0,0,0,487,487,0,280,207,0,England,
Kycia A Knight,Batter,699,51.77777778,1350,0,0,0,423,423,0,164,259,0,West Indies,
PA Patel,Batter,693,78.39366516,884,0,0,0,567,567,0,350,217,0,India,
RM Ghosh,Batter,690,90.19607843,765,0,0,0,556,556,0,344,212,0,India,
SW Billings,Batter,690,89.84375,768,0,0,0,519,519,0,295,224,0,England,
ZE Green,Batter,686,78.66972477,872,0,0,0,55,55,0,26,29,0,Namibia,
MS Chapman,Batter,684,102.8571429,665,0,0,0,15,15,0,5,10,2,Hong Kong,
HASD Siriwardene,Batter,679,55.97691674,1213,32,1341,1695,497,497,0,231,266,0,Sri Lanka,21.21875
Umaima Sohail,Batter,670,61.69429098,1086,18,584,711,463,463,0,223,240,0,Pakistan,37.22222222
TT Samaraweera,Batter,669,73.19474836,914,1,33,30,500,500,0,232,268,2,Sri Lanka,669
GWHM Perera,Batter,668,56.75446049,1177,0,0,0,487,487,0,226,261,0,Sri Lanka,
YH Bhatia,Batter,666,69.88457503,953,0,0,0,568,568,0,351,217,1,India,
CJ Ferguson,Batter,663,83.39622642,795,0,0,0,494,494,0,346,148,1,Australia,
RH Priest,Batter,661,81.00490196,816,0,0,0,412,412,0,215,197,0,New Zealand,
HJH Marshall,Batter,661,67.44897959,980,0,0,0,441,441,0,229,212,2,New Zealand,
L Tucker,Batter,657,76.75233645,856,0,0,0,163,163,0,59,104,0,Ireland,
HC Brook,Batter,653,105.4927302,619,0,0,0,487,487,0,280,207,2,England,
CA Soper,Batter,653,55.38592027,1179,67,1774,2380,63,63,0,12,51,2,Papua New Guinea,9.746268657
CK Coventry,Batter,645,87.51696065,737,0,0,0,269,269,0,65,204,1,Zimbabwe,
Shafali Verma,Batter,644,79.21279213,813,2,76,87,568,568,0,351,217,0,India,322
Sharmin Akhter,Batter,643,56.40350877,1140,0,0,0,325,325,0,126,199,2,Bangladesh,
MADD Surangika,Batter,642,53.05785124,1210,0,0,0,497,497,0,231,266,0,Sri Lanka,
PM Weerakkody,Batter,638,54.43686007,1172,0,0,0,497,497,0,231,266,0,Sri Lanka,
Agha Salman,Batter,637,97.6993865,652,15,622,662,461,461,0,222,239,1,Pakistan,42.46666667
PSP Handscomb,Batter,632,96.34146341,656,0,0,0,542,542,0,380,162,0,Australia,
C Green,Batter,626,81.2987013,770,21,788,841,526,526,0,366,160,2,Australia,29.80952381
Gulsan Jha,Batter,625,75.57436518,827,30,937,951,63,63,0,31,32,3,Nepal,20.83333333
Sompal Kami,Batter,621,71.70900693,866,79,2168,2511,65,65,0,33,32,1,Nepal,7.860759494
JN Mohammed,Batter,621,66.84607104,929,8,342,442,425,425,0,164,261,1,West Indies,77.625
KT Perkins,Batter,618,73.74701671,838,0,0,0,426,426,0,222,204,0,New Zealand,
JN Frylinck,Batter,615,73.65269461,835,36,938,1298,55,55,0,26,29,3,Namibia,17.08333333
A Bagai,Batter,614,61.70854271,995,0,0,0,49,49,0,16,33,1,Canada,
H Thaker,Batter,612,66.81222707,916,22,617,882,51,51,0,18,33,4,Canada,27.81818182
JF Mooney,Batter,610,81.769437,746,37,1119,1242,164,164,0,60,104,0,Ireland,16.48648649
Khaled Mashud,Batter,605,53.1167691,1139,0,0,0,346,346,0,134,212,0,Bangladesh,
PL Mommsen,Batter,601,76.46310433,786,0,0,0,100,100,0,53,47,1,Scotland,
Kyshona A Knight,Batter,597,47.9903537,1244,0,32,26,428,428,0,165,263,0,West Indies,
RN ten Doeschate,Batter,594,87.09677419,682,20,654,711,73,73,0,22,51,2,Netherlands,29.7
J Botha,Batter,594,82.72980501,718,77,2839,3673,459,459,0,283,176,0,South Africa,7.714285714
BMAJ Mendis,Batter,593,80.02699055,741,31,1199,1394,511,511,0,237,274,1,Sri Lanka,19.12903226
JM Vince,Batter,590,86.51026393,682,1,38,43,519,519,0,295,224,1,England,590
N de Klerk,Batter,589,72.09302326,817,53,1362,1702,471,471,0,290,181,2,South Africa,11.11320755
Aayan Afzal Khan,Batter,585,73.95701643,791,43,1202,1801,99,99,0,34,65,3,United Arab Emirates,13.60465116
FH Allen,Batter,582,91.36577708,637,0,0,0,431,431,0,224,207,1,New Zealand,
P Vastrakar,Batter,579,86.28912072,671,29,1049,1155,568,568,0,351,217,1,India,19.96551724
TLW Cooper,Batter,576,74.22680412,776,6,282,315,73,73,0,22,51,0,Netherlands,96
WD Parnell,Batter,574,77.25437416,743,110,3090,3340,461,461,0,284,177,4,South Africa,5.218181818
BJ Watling,Batter,573,66.62790698,860,0,0,0,440,440,0,228,212,0,New Zealand,
WPUJC Vaas,Batter,569,67.33727811,845,118,3317,4806,509,509,0,236,273,4,Sri Lanka,4.822033898
AR Patel,Batter,568,90.01584786,631,67,2117,2804,580,580,0,360,220,1,India,8.47761194
L Winfield,Batter,564,70.76537014,797,0,0,0,455,455,0,261,194,0,England,
H Deol,Batter,561,76.53478854,733,2,69,87,568,568,0,351,217,2,India,280.5
MK Pandey,Batter,558,89.42307692,624,0,0,0,559,559,0,347,212,1,India,
DD Ebrahim,Batter,555,52.85714286,1050,0,5,2,265,265,0,64,201,0,Zimbabwe,
Abdullah Shafique,Batter,554,80.40638607,689,0,0,0,445,445,0,217,228,0,Pakistan,
Afif Hossain,Batter,548,86.84627575,631,3,108,105,329,329,0,127,202,1,Bangladesh,182.6666667
N Deonarine,Batter,546,62.54295533,873,4,368,399,369,369,0,144,225,1,West Indies,136.5
Babar Hayat,Batter,539,71.96261682,749,0,9,6,16,16,0,5,11,3,Hong Kong,
CA Henry,Batter,537,76.38691323,703,33,1105,1354,417,417,0,162,255,1,West Indies,16.27272727
Sandeep Goud,Batter,535,69.84334204,766,0,80,91,52,52,0,27,25,1,Oman,
L Louwrens,Batter,535,58.2788671,918,0,0,0,55,55,0,26,29,0,Namibia,
JL Jonassen,Batter,533,84.33544304,632,136,2375,3541,527,527,0,367,160,2,Australia,3.919117647
Imran Nazir,Batter,531,87.91390728,604,0,0,0,453,453,0,220,233,1,Pakistan,
J Mubarak,Batter,531,63.7454982,833,1,44,51,499,499,0,232,267,1,Sri Lanka,531
CR Brathwaite,Batter,527,85.97063622,613,46,1647,1725,418,418,0,162,256,0,West Indies,11.45652174
Mosaddek Hossain,Batter,524,80,655,16,904,1016,334,334,0,131,203,1,Bangladesh,32.75
RJ Peterson,Batter,523,82.2327044,636,76,2280,2798,463,463,0,284,179,0,South Africa,6.881578947
JP Inglis,Batter,521,99.23809524,525,0,0,0,526,526,0,366,160,0,Australia,
Nain Abidi,Batter,521,54.55497382,955,0,0,0,456,456,0,221,235,0,Pakistan,
PJ Moor,Batter,520,66.58130602,781,0,0,0,277,277,0,66,211,1,Zimbabwe,
K Doriga,Batter,520,56.09492988,927,0,0,0,63,63,0,12,51,0,Papua New Guinea,
MA Vermeulen,Batter,517,64.94974874,796,0,0,0,265,265,0,64,201,1,Zimbabwe,
BJ Hodge,Batter,516,88.5077187,583,1,51,66,522,522,0,363,159,1,Australia,516
CD Wallace,Batter,515,86.12040134,598,0,0,0,101,101,0,54,47,0,Scotland,
SV Samson,Batter,510,96.77419355,527,0,0,0,580,580,0,360,220,2,India,
Nizakat Khan,Batter,508,80.89171975,628,3,89,110,16,16,0,5,11,0,Hong Kong,169.3333333
SL Malinga,Batter,508,72.467903,701,343,9518,10803,511,511,0,237,274,7,Sri Lanka,1.481049563
LV van Beek,Batter,505,82.78688525,610,50,1619,1759,86,86,0,25,61,1,Netherlands,10.1
AN Petersen,Batter,498,81.63934426,610,0,7,9,456,456,0,280,176,0,South Africa,
SE Rutherford,Batter,497,110.4444444,450,3,161,115,358,358,0,140,218,1,West Indies,165.6666667
Shayan Jahangir,Batter,497,85.24871355,583,0,0,0,64,64,0,30,34,0,United States of America,
Mominul Haque,Batter,495,73.7704918,671,6,137,157,341,341,0,133,208,0,Bangladesh,82.5
SM Sharif,Batter,492,69.78723404,705,89,2497,3099,101,101,0,54,47,2,Scotland,5.528089888
JWM Dalrymple,Batter,487,71.93500739,677,15,686,868,508,508,0,291,217,0,England,32.46666667
AA Obanda,Batter,487,69.17613636,704,0,0,0,39,39,0,13,26,0,Kenya,
LR Down,Batter,486,60.82603254,799,0,0,0,433,433,0,225,208,1,New Zealand,
Fatima Sana,Batter,484,69.54022989,696,59,1626,1772,463,463,0,223,240,2,Pakistan,8.203389831
NR Kirton,Batter,483,74.19354839,651,4,77,114,51,51,0,18,33,1,Canada,120.75
ME Bouchier,Batter,482,103.4334764,466,0,0,0,504,504,0,289,215,1,England,
RS Williams,Batter,477,46.22093023,1032,0,0,0,417,417,0,162,255,0,West Indies,
K Verreynne,Batter,476,87.17948718,546,0,0,0,458,458,0,282,176,0,South Africa,
SW Ambris,Batter,473,93.66336634,505,0,0,0,409,409,0,158,251,1,West Indies,
N Chantam,Batter,473,68.65021771,689,0,0,0,9,9,0,8,1,3,Thailand,
WG Jacks,Batter,468,98.11320755,477,5,229,240,495,495,0,284,211,1,England,93.6
EJ Villani,Batter,468,77.22772277,606,6,216,222,527,527,0,367,160,1,Australia,78
MA Ouma,Batter,468,54.73684211,855,0,0,0,37,37,0,12,25,0,Kenya,
Javed Omar,Batter,468,48.39710445,967,0,0,0,343,343,0,134,209,0,Bangladesh,
Karan KC,Batter,457,83.24225865,549,81,1972,2323,65,65,0,33,32,4,Nepal,5.641975309
AR Nurse,Batter,454,97.84482759,464,44,2009,2187,425,425,0,164,261,1,West Indies,10.31818182
GS Ballance,Batter,454,70.17001546,647,0,0,0,511,511,0,291,220,0,England,
JE Cameron,Batter,452,75.20798669,601,0,0,0,497,497,0,348,149,1,Australia,
JL Denly,Batter,446,69.14728682,645,1,101,104,496,496,0,284,212,0,England,446
Pratika Rawal,Batter,444,89.51612903,496,2,63,54,366,366,0,215,151,2,India,222
Ghulam Shabber,Batter,444,62.01117318,716,0,0,0,93,93,0,31,62,0,United Arab Emirates,
JM Davison,Batter,443,112.7226463,393,19,513,630,49,49,0,16,33,3,Canada,23.31578947
S Lamichhane,Batter,440,88,500,120,2185,2942,65,65,0,33,32,4,Nepal,3.666666667
A Johnson,Batter,438,95.2173913,460,0,14,24,51,51,0,18,33,0,Canada,
H Hiri,Batter,435,54.78589421,794,3,114,103,63,63,0,12,51,0,Papua New Guinea,145
Murshida Khatun,Batter,429,55,780,0,0,0,333,333,0,130,203,1,Bangladesh,
A Ndiraya,Batter,428,68.58974359,624,1,16,26,270,270,0,65,205,1,Zimbabwe,428
CG Williams,Batter,427,77.63636364,550,5,201,264,52,52,0,25,27,1,Namibia,85.4
MN van Wyk,Batter,425,67.35340729,631,0,0,0,457,457,0,281,176,0,South Africa,
S Prasanna,Batter,421,91.52173913,460,33,1742,1936,507,507,0,236,271,0,Sri Lanka,12.75757576
SMA Priyanjan,Batter,420,78.79924953,533,7,236,270,508,508,0,236,272,0,Sri Lanka,60
PW Borren,Batter,413,89.20086393,463,6,442,494,73,73,0,22,51,0,Netherlands,68.83333333
FC Wilson,Batter,412,93.42403628,441,0,0,0,498,498,0,286,212,0,England,
V Krishnamurthy,Batter,410,86.31578947,475,3,58,113,561,561,0,347,214,0,India,136.6666667
RD Shah,Batter,407,62.9057187,647,0,0,0,38,38,0,13,25,0,Kenya,
Ayesha Zafar,Batter,407,53.27225131,764,0,18,27,463,463,0,223,240,0,Pakistan,
Simi Singh,Batter,406,78.52998066,517,30,615,958,151,151,0,53,98,1,Ireland,13.53333333
RMVD Gunaratne,Batter,401,69.98254799,573,0,0,0,489,489,0,226,263,0,Sri Lanka,
Ali Naseer,Batter,396,99.2481203,399,23,667,701,99,99,0,34,65,0,United Arab Emirates,17.2173913
EL Lamb,Batter,396,83.72093023,473,3,96,110,513,513,0,292,221,1,England,132
T Mishra,Batter,395,70.03546099,564,0,0,0,39,39,0,13,26,1,Kenya,
MAA Sanjeewani,Batter,395,56.509299,699,0,0,0,497,497,0,231,266,0,Sri Lanka,
AB Barath,Batter,394,62.6391097,629,0,0,0,400,400,0,155,245,0,West Indies,
MW Machan,Batter,393,79.07444668,497,4,223,226,100,100,0,53,47,0,Scotland,98.25
Suraj Kumar,Batter,392,74.80916031,524,0,0,0,52,52,0,27,25,0,Oman,
PA de Silva,Batter,390,80.08213552,487,14,487,572,509,509,0,236,273,0,Sri Lanka,27.85714286
CM McBride,Batter,386,70.4379562,548,4,102,145,82,82,0,44,38,1,Scotland,96.5
MA Jones,Batter,385,66.15120275,582,0,0,0,96,96,0,51,45,0,Scotland,
CS Baugh,Batter,382,67.85079929,563,0,0,0,422,422,0,163,259,0,West Indies,
T de Zorzi,Batter,381,95.4887218,399,0,0,0,472,472,0,291,181,1,South Africa,
J Gumbie,Batter,379,65.232358,581,0,0,0,273,273,0,66,207,0,Zimbabwe,
XM Marshall,Batter,379,55.98227474,677,0,5,4,61,61,0,29,32,0,United States of America,
M Mupachikwa,Batter,376,55.7037037,675,0,0,0,270,270,0,65,205,2,Zimbabwe,
Asif Ali,Batter,375,118.29653,317,0,9,5,446,446,0,218,228,0,Pakistan,
PJ Forrest,Batter,368,63.77816291,577,0,0,0,532,532,0,371,161,0,Australia,
MS Sinclair,Batter,367,64.8409894,566,0,0,0,425,425,0,222,203,0,New Zealand,
DW Steyn,Batter,365,61.65540541,592,212,5202,6388,469,469,0,289,180,6,South Africa,1.721698113
Tanzid Hasan,Batter,364,101.1111111,360,0,0,0,327,327,0,127,200,0,Bangladesh,
KM Dabengwa,Batter,364,57.68621236,631,15,647,715,264,264,0,64,200,0,Zimbabwe,24.26666667
SP Narine,Batter,363,79.78021978,455,99,2445,3554,427,427,0,165,262,6,West Indies,3.666666667
DT Johnston,Batter,361,76.32135307,473,39,1133,1508,164,164,0,60,104,1,Ireland,9.256410256
CB Wishart,Batter,361,72.78225806,496,0,0,0,233,233,0,57,176,1,Zimbabwe,
DG Brownlie,Batter,361,72.2,500,0,0,0,432,432,0,225,207,0,New Zealand,
Naseem Khushi,Batter,360,107.4626866,335,0,0,0,51,51,0,27,24,0,Oman,
MDN Hansika,Batter,357,47.72727273,748,0,0,0,497,497,0,231,266,0,Sri Lanka,
A Bosch,Batter,355,73.8045738,481,1,134,159,453,453,0,278,175,2,South Africa,355
J Nkomo,Batter,354,64.01446655,553,25,431,714,270,270,0,65,205,1,Zimbabwe,14.16
MDT Kamini,Batter,353,63.48920863,556,0,31,31,514,514,0,318,196,2,India,
R Trumpelmann,Batter,350,79.36507937,441,56,1324,1773,55,55,0,26,29,2,Namibia,6.25
SJ Myburgh,Batter,347,74.46351931,466,0,0,0,78,78,0,23,55,1,Netherlands,
Rumana Ahmed,Batter,346,50.65885798,683,26,669,951,301,301,0,109,192,1,Bangladesh,13.30769231
AA Alleyne,Batter,341,60.03521127,568,30,834,1021,417,417,0,162,255,0,West Indies,11.36666667
LMM Tahuhu,Batter,340,86.07594937,395,98,2511,3276,433,433,0,225,208,0,New Zealand,3.469387755
NV Knight,Batter,339,70.1863354,483,0,0,0,457,457,0,262,195,0,England,
M Vijay,Batter,339,65.69767442,516,1,38,38,579,579,0,360,219,1,India,339
B Cooper,Batter,339,58.34767642,581,0,0,0,365,365,0,143,222,0,West Indies,
R Rampaul,Batter,338,75.11111111,450,115,3136,3703,422,422,0,163,259,2,West Indies,2.939130435
Rashid Latif,Batter,335,82.10784314,408,0,0,0,426,426,0,209,217,0,Pakistan,
SS Pathirana,Batter,332,83.20802005,399,16,724,776,498,498,0,231,267,0,Sri Lanka,20.75
A Flower,Batter,332,70.33898305,472,0,0,0,233,233,0,57,176,0,Zimbabwe,
HM Rowe,Batter,332,66.26746507,501,58,1603,2075,433,433,0,225,208,1,New Zealand,5.724137931
I Kaia,Batter,332,63.84615385,520,0,22,28,273,273,0,66,207,0,Zimbabwe,
HP Tillakaratne,Batter,332,59.0747331,562,0,0,0,509,509,0,236,273,0,Sri Lanka,
KA Edwards,Batter,331,64.90196078,510,0,0,0,422,422,0,163,259,0,West Indies,
D Khanal,Batter,329,68.25726141,482,0,20,18,65,65,0,33,32,0,Nepal,
Adnan Mufti,Batter,328,79.4188862,413,0,0,0,89,89,0,31,58,1,United Arab Emirates,
SS Weerakkody,Batter,328,62.95585413,521,28,826,1122,497,497,0,231,266,0,Sri Lanka,11.71428571
SA Engelbrecht,Batter,327,63.00578035,519,0,17,12,89,89,0,28,61,0,Netherlands,
CN Ackermann,Batter,326,75.11520737,434,15,448,553,86,86,0,25,61,0,Netherlands,21.73333333
MH Yardy,Batter,326,66.53061224,490,20,1052,1289,491,491,0,282,209,0,England,16.3
SJ Baard,Batter,326,57.49559083,567,0,0,0,55,55,0,26,29,0,Namibia,
Sidra Nawaz,Batter,325,48.7987988,666,0,0,0,463,463,0,223,240,0,Pakistan,
MO Odumbe,Batter,324,89.25619835,363,7,307,364,38,38,0,13,25,1,Kenya,46.28571429
S Movva,Batter,324,67.21991701,482,0,0,0,51,51,0,18,33,0,Canada,
A Sharma,Batter,323,69.01709402,468,4,183,273,99,99,0,34,65,1,United Arab Emirates,80.75
MR Aguilleira,Batter,323,54.01337793,598,0,0,0,428,428,0,165,263,0,West Indies,
AC Agar,Batter,322,80.5,400,22,970,1107,512,512,0,356,156,1,Australia,14.63636364
MR Meshram,Batter,322,56.39229422,571,0,51,86,562,562,0,348,214,1,India,
DA Gunawardene,Batter,322,54.48392555,591,0,0,0,476,476,0,221,255,0,Sri Lanka,
AK Sah,Batter,320,87.67123288,365,0,0,0,62,62,0,31,31,1,Nepal,
R Mutumbami,Batter,319,71.36465324,447,0,0,0,276,276,0,66,210,0,Zimbabwe,
JP Kotze,Batter,316,70.37861915,449,0,0,0,54,54,0,25,29,0,Namibia,
Washington Sundar,Batter,315,81.60621762,386,23,631,807,519,519,0,323,196,0,India,13.69565217
LM Jongwe,Batter,315,79.14572864,398,28,1083,1126,273,273,0,66,207,0,Zimbabwe,11.25
D la Cock,Batter,313,65.89473684,475,0,9,12,55,55,0,26,29,0,Namibia,
KAJ Roach,Batter,308,50.49180328,610,132,3775,4472,427,427,0,165,262,3,West Indies,2.333333333
A Athanaze,Batter,306,80.95238095,378,1,19,26,412,412,0,160,252,0,West Indies,306
ADS Fletcher,Batter,305,60.6361829,503,0,26,28,404,404,0,157,247,0,West Indies,
Shamima Sultana,Batter,304,56.2962963,540,0,0,0,333,333,0,130,203,0,Bangladesh,
TK Curran,Batter,303,91.26506024,332,38,1315,1340,481,481,0,276,205,1,England,7.973684211
DO Obuya,Batter,302,51.80102916,583,0,0,0,39,39,0,13,26,0,Kenya,
LE Bosman,Batter,301,94.65408805,318,0,0,0,440,440,0,272,168,0,South Africa,
KE Bryce,Batter,301,84.07821229,358,6,101,173,97,97,0,52,45,0,Scotland,50.16666667
AR White,Batter,301,60.44176707,498,10,253,328,164,164,0,60,104,0,Ireland,30.1
PA Nixon,Batter,297,84.61538462,351,0,0,0,509,509,0,291,218,0,England,
NS Dhaliwal,Batter,295,56.40535373,523,0,20,6,51,51,0,18,33,1,Canada,
L Winfield-Hill,Batter,294,62.02531646,474,0,0,0,500,500,0,287,213,0,England,
DLS van Bunge,Batter,293,56.45472062,519,6,181,154,75,75,0,22,53,0,Netherlands,48.83333333
C Brits,Batter,292,69.35866983,421,0,5,9,389,389,0,238,151,2,South Africa,
SMSM Senanayake,Batter,290,90.34267913,321,60,1892,2384,506,506,0,236,270,1,Sri Lanka,4.833333333
MV Waldron,Batter,290,45.38341158,639,0,0,0,160,160,0,56,104,0,Ireland,
B de Leede,Batter,289,66.43678161,435,0,0,0,85,85,0,25,60,0,Netherlands,
AJ Stewart,Batter,287,70.17114914,409,0,0,0,457,457,0,262,195,0,England,
MK Tiwary,Batter,287,69.66019417,412,5,150,136,536,536,0,331,205,1,India,57.4
AF Giles,Batter,286,73.33333333,390,38,1144,1628,518,518,0,295,223,0,England,7.526315789
DN Wellalage,Batter,285,75,380,27,909,1040,490,490,0,227,263,2,Sri Lanka,10.55555556
Saud Shakeel,Batter,283,86.2804878,328,1,37,47,291,291,0,145,146,1,Pakistan,283
A Capsey,Batter,283,71.64556962,395,8,218,289,513,513,0,292,221,0,England,35.375
PRCS Kumarihami,Batter,283,37.04188482,764,3,255,347,487,487,0,226,261,0,Sri Lanka,94.33333333
Kashif Daud,Batter,282,88.67924528,318,17,495,676,94,94,0,32,62,2,United Arab Emirates,16.58823529
ASS Fletcher,Batter,282,64.97695853,434,61,1526,2041,428,428,0,165,263,0,West Indies,4.62295082
S Dhaniram,Batter,281,88.92405063,316,23,408,552,42,42,0,12,30,2,Canada,12.2173913
S Chattergoon,Batter,281,63.71882086,441,0,30,42,408,408,0,157,251,0,West Indies,
ES Szwarczynski,Batter,281,58.29875519,482,0,0,0,73,73,0,22,51,0,Netherlands,
CS Mugeri-Tiripano,Batter,280,74.07407407,378,0,0,0,268,268,0,64,204,0,Zimbabwe,
S Randiv,Batter,280,71.79487179,390,38,1240,1447,507,507,0,236,271,1,Sri Lanka,7.368421053
Hannan Sarkar,Batter,280,52.141527,537,0,13,3,340,340,0,132,208,0,Bangladesh,
SK Patel,Batter,278,73.35092348,379,0,0,0,63,63,0,29,34,1,United States of America,
MD Dai,Batter,277,75.47683924,367,13,387,545,49,49,0,9,40,0,Papua New Guinea,21.30769231
S Horley,Batter,276,77.52808989,356,9,80,136,79,79,0,43,36,3,Scotland,30.66666667
Moin Khan,Batter,274,86.16352201,318,0,0,0,448,448,0,219,229,0,Pakistan,
DT Christian,Batter,273,87.22044728,313,21,605,739,532,532,0,371,161,0,Australia,13
PS Punia,Batter,273,54.27435388,503,0,0,0,552,552,0,340,212,1,India,
S Ismail,Batter,273,49.54627949,551,142,2821,4242,471,471,0,290,181,7,South Africa,1.922535211
GH Worker,Batter,272,69.92287918,389,0,5,6,415,415,0,218,197,0,New Zealand,
Umar Amin,Batter,271,66.42156863,408,0,24,42,460,460,0,222,238,0,Pakistan,
MJ Henry,Batter,268,91.15646259,294,155,3810,4452,437,437,0,227,210,6,New Zealand,1.729032258
G Toka,Batter,268,54.03225806,496,3,111,102,63,63,0,12,51,0,Papua New Guinea,89.33333333
TA Blundell,Batter,266,86.08414239,309,0,0,0,416,416,0,219,197,0,New Zealand,
Shamsur Rahman,Batter,266,74.50980392,357,0,13,6,303,303,0,110,193,1,Bangladesh,
B Bezuidenhout,Batter,266,71.89189189,370,0,0,0,433,433,0,225,208,0,New Zealand,
AJ Hosein,Batter,266,70.93333333,375,60,1709,2132,407,407,0,157,250,0,West Indies,4.433333333
AC Botha,Batter,265,63.24582339,419,16,424,597,152,152,0,53,99,0,Ireland,16.5625
B Bhandari,Batter,265,59.81941309,443,0,0,0,60,60,0,30,30,0,Nepal,
AR Cusack,Batter,264,62.55924171,422,34,866,1009,164,164,0,60,104,1,Ireland,7.764705882
LA Marsh,Batter,264,56.77419355,465,53,1414,2048,489,489,0,282,207,1,England,4.981132075
Diana Baig,Batter,262,68.94736842,380,43,1683,2121,463,463,0,223,240,0,Pakistan,6.093023256
M Musonda,Batter,262,64.69135802,405,0,0,0,270,270,0,65,205,1,Zimbabwe,
Sadaf Shamas,Batter,262,52.82258065,496,0,0,0,434,434,0,212,222,0,Pakistan,
Taufeeq Umar,Batter,262,51.98412698,504,0,0,0,415,415,0,205,210,1,Pakistan,
R Chopra,Batter,260,68.96551724,377,0,0,0,96,96,0,33,63,1,United Arab Emirates,
UDU Chandana,Batter,260,66.15776081,393,38,978,1194,457,457,0,214,243,2,Sri Lanka,6.842105263
IDR Bradshaw,Batter,259,61.22931442,423,69,1777,2537,424,424,0,164,260,2,West Indies,3.753623188
A Sharafu,Batter,257,66.75324675,385,0,0,0,94,94,0,32,62,0,United Arab Emirates,
GE Plimmer,Batter,256,62.43902439,410,0,0,0,428,428,0,222,206,0,New Zealand,
R Gunasekera,Batter,255,55.07559395,463,0,0,0,48,48,0,16,32,1,Canada,
P Khadka,Batter,252,79.49526814,317,4,194,279,64,64,0,32,32,1,Nepal,63
C Madande,Batter,251,71.10481586,353,0,0,0,273,273,0,66,207,0,Zimbabwe,
BM Scholtz,Batter,251,66.05263158,380,70,1479,2619,55,55,0,26,29,2,Namibia,3.585714286
Tushar Imran,Batter,250,52.41090147,477,2,59,90,346,346,0,134,212,0,Bangladesh,125
KO Otieno,Batter,250,42.01680672,595,0,0,0,38,38,0,13,25,0,Kenya,
Amjad Ali,Batter,249,64.34108527,387,0,0,0,97,97,0,33,64,0,United Arab Emirates,
JD Campbell,Batter,248,113.7614679,218,0,13,6,303,303,0,116,187,1,West Indies,
R Stokell,Batter,247,58.66983373,421,0,0,0,157,157,0,56,101,0,Ireland,
SM Davies,Batter,244,102.0920502,239,0,0,0,496,496,0,284,212,1,England,
N Chaiwai,Batter,244,61.30653266,398,0,5,12,9,9,0,8,1,2,Thailand,
ML Udawatte,Batter,243,66.21253406,367,0,0,0,499,499,0,232,267,0,Sri Lanka,
R Rijke,Batter,238,70.20648968,339,6,110,167,85,85,0,25,60,1,Netherlands,39.66666667
DC Thomas,Batter,238,62.79683377,379,2,11,9,427,427,0,165,262,0,West Indies,119
Musa Ahmed,Batter,238,62.79683377,379,0,5,6,84,84,0,25,59,0,Netherlands,
HN Ya France,Batter,237,80.88737201,293,14,556,726,52,52,0,25,27,1,Namibia,16.92857143
DE Budge,Batter,237,76.20578778,311,1,112,153,96,96,0,51,45,0,Scotland,237
C Tear,Batter,237,66.94915254,354,0,0,0,85,85,0,46,39,0,Scotland,
D Dhingra,Batter,237,65.46961326,362,0,0,0,57,57,0,27,30,0,United States of America,
GJ Hopkins,Batter,236,74.44794953,317,0,0,0,444,444,0,231,213,0,New Zealand,
Abid Ali,Batter,234,91.05058366,257,0,0,0,335,335,0,166,169,1,Pakistan,
JP Bray,Batter,234,63.07277628,371,0,0,0,152,152,0,53,99,1,Ireland,
AM Tribe,Batter,233,75.16129032,310,0,20,13,4,4,0,1,3,0,Jersey,
NFI McCallum,Batter,233,63.66120219,366,0,0,0,89,89,0,48,41,0,Scotland,
K Birkenstock,Batter,233,53.19634703,438,5,230,236,52,52,0,25,27,0,Namibia,46.6
JM Kerr,Batter,232,105.9360731,219,55,1194,1662,428,428,0,222,206,0,New Zealand,4.218181818
T Ruma,Batter,232,63.04347826,368,2,30,45,56,56,0,10,46,0,Papua New Guinea,116
HMD Rasangika,Batter,232,58,400,0,20,12,464,464,0,216,248,1,Sri Lanka,
A Mohammed,Batter,232,40.84507042,568,58,1533,2015,428,428,0,165,263,2,West Indies,4
NY McLean,Batter,231,63.8121547,362,0,0,0,386,386,0,152,234,0,West Indies,
STR Binny,Batter,230,91.26984127,252,21,440,503,536,536,0,331,205,1,India,10.95238095
TM Dowlin,Batter,228,62.98342541,362,0,0,0,401,401,0,155,246,0,West Indies,
CNIM Joyce,Batter,228,46.2474645,493,0,31,19,160,160,0,56,104,0,Ireland,
I Udana,Batter,227,96.18644068,236,22,928,908,511,511,0,237,274,1,Sri Lanka,10.31818182
Jahurul Islam,Batter,226,69.53846154,325,0,0,0,341,341,0,133,208,0,Bangladesh,
AM Samad,Batter,226,59.16230366,382,2,93,69,43,43,0,13,30,0,Canada,113
Asmavia Iqbal,Batter,225,52.3255814,430,27,1019,1165,456,456,0,221,235,0,Pakistan,8.333333333
S Mostary,Batter,224,57.28900256,391,0,56,44,325,325,0,126,199,0,Bangladesh,
F Overdijk,Batter,224,47.55838641,471,11,262,318,85,85,0,25,60,0,Netherlands,20.36363636
T Duffin,Batter,224,45.52845528,492,0,0,0,249,249,0,60,189,0,Zimbabwe,
BR McDermott,Batter,223,79.64285714,280,0,0,0,341,341,0,246,95,0,Australia,
IS Billcliff,Batter,223,57.32647815,389,0,0,0,49,49,0,16,33,0,Canada,
P Mustard,Batter,219,89.75409836,244,0,0,0,501,501,0,287,214,0,England,
DR Chumney,Batter,219,65.17857143,336,0,0,0,49,49,0,16,33,0,Canada,
T Stubbs,Batter,218,93.96551724,232,0,15,12,424,424,0,262,162,1,South Africa,
Saeed Anwar,Batter,218,68.55345912,318,1,15,24,426,426,0,209,217,0,Pakistan,218
GJ Delany,Batter,217,95.1754386,228,6,374,351,130,130,0,43,87,0,Ireland,36.16666667
Saad Bin Zafar,Batter,217,72.57525084,299,25,760,1063,51,51,0,18,33,0,Canada,8.68
Iram Javed,Batter,216,56.84210526,380,1,41,34,442,442,0,215,227,0,Pakistan,216
JM Fields,Batter,215,64.56456456,333,0,0,0,495,495,0,346,149,0,Australia,
T Marumani,Batter,214,63.31360947,338,0,0,0,242,242,0,58,184,0,Zimbabwe,
DJM Short,Batter,211,77.00729927,274,0,117,90,531,531,0,370,161,0,Australia,
TK Musakanda,Batter,210,87.5,240,0,0,0,204,204,0,53,151,0,Zimbabwe,
NRJ Croes,Batter,207,67.86885246,305,0,0,0,90,90,0,29,61,0,Netherlands,
Khurram Manzoor,Batter,206,63.77708978,323,0,0,0,469,469,0,227,242,0,Pakistan,
HS Modi,Batter,205,44.85776805,457,0,0,0,38,38,0,13,25,0,Kenya,
WP Masakadza,Batter,204,59.13043478,345,22,1030,1200,273,273,0,66,207,0,Zimbabwe,9.272727273
Khushdil Shah,Batter,200,93.45794393,214,3,122,109,346,346,0,174,172,1,Pakistan,66.66666667
DEM Carter,Batter,200,71.17437722,281,8,268,380,97,97,0,52,45,0,Scotland,25
S Sriharsha,Batter,200,67.79661017,295,0,0,0,57,57,0,27,30,0,United States of America,
Z Crawley,Batter,199,95.67307692,208,0,0,0,328,328,0,193,135,0,England,
Saleem Elahi,Batter,199,64.82084691,307,0,0,0,426,426,0,209,217,0,Pakistan,
IA Karim,Batter,196,82.70042194,237,0,0,0,29,29,0,10,19,1,Kenya,
M Levitt,Batter,196,79.35222672,247,1,83,120,90,90,0,29,61,0,Netherlands,196
MW Short,Batter,195,98.98477157,197,1,162,167,526,526,0,366,160,0,Australia,195
Kuldeep Yadav,Batter,195,47.44525547,411,173,4400,5236,580,580,0,360,220,5,India,1.12716763
V Sukumaran,Batter,194,61.78343949,314,3,83,122,92,92,0,31,61,1,United Arab Emirates,64.66666667
Mohammad Nawaz (3),Batter,193,87.33031674,221,17,595,690,462,462,0,223,239,0,Pakistan,11.35294118
PJ Ingram,Batter,193,80.75313808,239,0,0,0,373,373,0,191,182,0,New Zealand,
JH Davey,Batter,193,61.85897436,312,26,618,769,99,99,0,53,46,1,Scotland,7.423076923
AJ Turner,Batter,192,116.3636364,165,2,60,86,413,413,0,294,119,1,Australia,96
GB Brent,Batter,192,62.95081967,305,25,900,1140,264,264,0,64,200,2,Zimbabwe,7.68
SA Wijeratne,Batter,191,69.45454545,275,0,0,0,51,51,0,18,33,0,Canada,
H Karunaratne,Batter,190,45.23809524,420,2,103,101,482,482,0,223,259,0,Sri Lanka,95
PP Shaw,Batter,189,108.6206897,174,0,0,0,541,541,0,333,208,1,India,
A Saud,Batter,189,47.13216958,401,0,0,0,52,52,0,26,26,0,Nepal,
RD Rickelton,Batter,188,88.2629108,213,0,0,0,424,424,0,262,162,1,South Africa,
G Kirsten,Batter,186,81.57894737,228,0,0,0,260,260,0,159,101,0,South Africa,
BB Chari,Batter,186,45.14563107,412,0,0,0,257,257,0,60,197,0,Zimbabwe,
CJ Jordan,Batter,184,84.40366972,218,47,1708,1728,492,492,0,283,209,2,England,3.914893617
S Rana,Batter,184,81.4159292,226,26,820,1030,556,556,0,344,212,0,India,7.076923077
F Mutizwa,Batter,183,64.89361702,282,0,0,0,275,275,0,66,209,0,Zimbabwe,
Sohag Gazi,Batter,182,87.92270531,207,24,736,939,342,342,0,134,208,2,Bangladesh,7.583333333
ND McKenzie,Batter,182,70,260,0,0,0,438,438,0,270,168,0,South Africa,
RM Haq,Batter,181,51.1299435,354,27,673,871,100,100,0,53,47,1,Scotland,6.703703704
CMA Shillington,Batter,179,89.94974874,199,0,0,0,160,160,0,56,104,0,Ireland,
Q Joseph,Batter,179,70.19607843,255,16,380,480,428,428,0,165,263,0,West Indies,11.1875
DM Richards,Batter,179,68.84615385,260,0,0,0,401,401,0,155,246,0,West Indies,
I Ranaweera,Batter,179,38.24786325,468,62,1975,2569,497,497,0,231,266,0,Sri Lanka,2.887096774
SR Thompson,Batter,178,89.8989899,198,10,333,357,159,159,0,56,103,0,Ireland,17.8
JA McCollum,Batter,178,72.35772358,246,0,0,0,155,155,0,55,100,0,Ireland,
B Zuiderent,Batter,178,48.36956522,368,0,0,0,87,87,0,26,61,0,Netherlands,
JAD Lawrenson,Batter,177,82.3255814,215,0,0,0,4,4,0,1,3,1,Jersey,
NR Kumar,Batter,177,57.84313725,306,2,67,67,46,46,0,15,31,0,Canada,88.5
H Patel,Batter,176,88.88888889,198,2,102,107,48,48,0,16,32,0,Canada,88
IC Gaze,Batter,176,59.66101695,295,0,0,0,428,428,0,222,206,0,New Zealand,
S Forbes,Batter,175,51.16959064,342,0,17,15,150,150,0,53,97,0,Ireland,
IH Romaine,Batter,175,48.61111111,360,1,75,64,12,12,0,2,10,0,Bermuda,175
Raza-ur-Rehman,Batter,174,80.93023256,215,1,114,113,36,36,0,9,27,0,Canada,174
NW Bracken,Batter,174,65.66037736,265,168,3792,5095,545,545,0,381,164,3,Australia,1.035714286
G Voll,Batter,173,105.4878049,164,0,0,0,359,359,0,260,99,0,Australia,
Mohammad Nawaz,Batter,173,78.99543379,219,21,843,982,461,461,0,222,239,2,Pakistan,8.238095238
Mohammad Boota,Batter,173,72.08333333,240,0,11,12,83,83,0,29,54,0,United Arab Emirates,
GM Hamilton,Batter,173,56.72131148,305,0,0,0,88,88,0,47,41,0,Scotland,
SJ Bryce,Batter,171,66.53696498,257,0,0,0,97,97,0,52,45,0,Scotland,
Najiha Alvi,Batter,170,62.73062731,271,0,0,0,434,434,0,212,222,0,Pakistan,
Lata Mondal,Batter,170,48.71060172,349,2,129,159,301,301,0,109,192,0,Bangladesh,85
TSS Mackintosh,Batter,169,83.25123153,203,0,0,0,82,82,0,44,38,0,Scotland,
AM Peterson,Batter,167,79.14691943,211,19,371,593,433,433,0,225,208,1,New Zealand,8.789473684
JG Bethell,Batter,167,78.77358491,212,4,145,124,495,495,0,284,211,0,England,41.75
AR Adams,Batter,165,107.1428571,154,28,730,834,394,394,0,202,192,2,New Zealand,5.892857143
Nurul Hasan,Batter,165,91.16022099,181,0,0,0,207,207,0,76,131,0,Bangladesh,
MJ Lumb,Batter,165,80.09708738,206,0,0,0,470,470,0,270,200,0,England,
ST Doheny,Batter,165,60,275,0,0,0,117,117,0,38,79,0,Ireland,
KS Lokuarachchi,Batter,164,75.57603687,217,18,503,666,496,496,0,231,265,0,Sri Lanka,9.111111111
D Bishoo,Batter,164,61.88679245,265,38,1675,2056,425,425,0,164,261,0,West Indies,4.315789474
L Klusener,Batter,163,104.4871795,156,12,403,476,423,423,0,262,161,1,South Africa,13.58333333
Shan Masood,Batter,163,67.3553719,242,0,0,0,461,461,0,222,239,0,Pakistan,
KP Meiyappan,Batter,163,47.66081871,342,38,1123,1228,99,99,0,34,65,0,United Arab Emirates,4.289473684
Y Venugopal Rao,Batter,161,62.6459144,257,0,0,0,498,498,0,308,190,0,India,
FRJ Coleman,Batter,160,72.72727273,220,0,0,0,100,100,0,53,47,0,Scotland,
SJ McGlashan,Batter,160,68.37606838,234,0,0,0,402,402,0,209,193,0,New Zealand,
P Siaka,Batter,160,68.08510638,235,5,83,136,56,56,0,10,46,0,Papua New Guinea,32
Akshay Homraj,Batter,159,69.13043478,230,0,0,0,61,61,0,29,32,0,United States of America,
J Kila,Batter,159,63.85542169,249,6,203,239,58,58,0,11,47,0,Papua New Guinea,26.5
Shariz Ahmad,Batter,159,54.63917526,291,19,596,595,90,90,0,29,61,0,Netherlands,8.368421053
AGS Gous,Batter,157,110.5633803,142,0,0,0,60,60,0,29,31,1,United States of America,
Imran Tahir,Batter,157,67.38197425,233,180,4325,5556,469,469,0,289,180,4,South Africa,0.872222222
CJO Smith,Batter,157,65.41666667,240,0,0,0,88,88,0,47,41,0,Scotland,
T Kaitano,Batter,157,59.46969697,264,0,0,0,273,273,0,66,207,0,Zimbabwe,
Nasum Ahmed,Batter,156,87.64044944,178,14,613,778,327,327,0,127,200,1,Bangladesh,11.14285714
CMW Read,Batter,156,70.58823529,221,0,0,0,497,497,0,285,212,0,England,
SRH Curtis,Batter,156,66.66666667,234,0,0,0,351,351,0,182,169,0,New Zealand,
A Kolan,Batter,155,52.18855219,297,0,0,0,57,57,0,27,30,0,United States of America,
C Zhuwao,Batter,154,112.4087591,137,0,21,19,264,264,0,64,200,0,Zimbabwe,
MB Kruger,Batter,154,70.96774194,217,0,0,0,49,49,0,24,25,0,Namibia,
A Rawat,Batter,153,81.38297872,188,0,0,0,396,396,0,239,157,1,India,
SP Patil,Batter,153,51.86440678,295,0,0,0,97,97,0,33,64,0,United Arab Emirates,
K Fraser,Batter,152,76.38190955,199,9,145,245,79,79,0,43,36,0,Scotland,16.88888889
MDK Perera,Batter,152,73.42995169,207,13,413,466,498,498,0,231,267,0,Sri Lanka,11.69230769
AJ Redmond,Batter,152,57.14285714,266,0,0,0,279,279,0,142,137,0,New Zealand,
D Ganga,Batter,152,50.33112583,302,0,0,0,323,323,0,125,198,0,West Indies,
AA Mulla,Batter,150,93.75,160,0,0,0,38,38,0,10,28,0,Canada,
PJ Ongondo,Batter,150,60,250,34,995,1313,38,38,0,13,25,0,Kenya,4.411764706
JF Kloppenburg,Batter,149,62.08333333,240,7,138,192,87,87,0,26,61,1,Netherlands,21.28571429
BN Cooper,Batter,148,84.57142857,175,0,0,0,88,88,0,27,61,0,Netherlands,
BOP Fernando,Batter,148,62.18487395,238,0,16,12,448,448,0,209,239,0,Sri Lanka,
LM Kasperek,Batter,148,53.62318841,276,57,1091,1622,433,433,0,225,208,1,New Zealand,2.596491228
Khalid Latif,Batter,147,63.09012876,233,0,0,0,417,417,0,206,211,0,Pakistan,
Shorna Akter,Batter,147,60,245,7,171,216,333,333,0,130,203,0,Bangladesh,21
Nazimuddin,Batter,147,59.75609756,246,0,0,0,289,289,0,104,185,0,Bangladesh,
BYA Mendis,Batter,147,58.33333333,252,0,0,0,464,464,0,216,248,0,Sri Lanka,
JA Burns,Batter,146,77.24867725,189,0,0,0,535,535,0,374,161,0,Australia,
ID Blackwell,Batter,146,68.54460094,213,15,567,846,503,503,0,288,215,0,England,9.733333333
K Zondo,Batter,146,62.12765957,235,0,0,0,469,469,0,289,180,0,South Africa,
NC Dodd,Batter,145,48.49498328,299,0,0,0,351,351,0,182,169,1,New Zealand,
D Devnarain,Batter,145,48.01324503,302,1,91,97,403,403,0,249,154,0,South Africa,145
IJR Zwilling,Batter,145,41.31054131,351,29,415,722,85,85,0,25,60,0,Netherlands,5
CO Browne,Batter,144,84.21052632,171,0,0,0,424,424,0,164,260,0,West Indies,
S Jafta,Batter,144,51.79856115,278,0,0,0,449,449,0,275,174,0,South Africa,
Zahoor Khan,Batter,143,55.21235521,259,95,2407,2888,99,99,0,34,65,0,United Arab Emirates,1.505263158
MB Loye,Batter,142,74.73684211,190,0,0,0,399,399,0,235,164,0,England,
HJW Gardiner,Batter,142,64.54545455,220,0,0,0,100,100,0,53,47,0,Scotland,
RD Jacobs,Batter,142,63.11111111,225,0,0,0,368,368,0,144,224,0,West Indies,
VV Morea,Batter,142,62.28070175,228,0,0,0,49,49,0,9,40,0,Papua New Guinea,
KJJ van Noortwijk,Batter,141,98.6013986,143,0,0,0,87,87,0,26,61,0,Netherlands,
KNA Bandara,Batter,141,64.97695853,217,0,9,6,465,465,0,216,249,0,Sri Lanka,
SF Daley,Batter,141,58.75,240,9,411,507,428,428,0,165,263,0,West Indies,15.66666667
TS Hasabnis,Batter,140,76.08695652,184,0,0,0,490,490,0,303,187,0,India,
M Bhanuka,Batter,140,70.35175879,199,0,0,0,478,478,0,221,257,0,Sri Lanka,
CT Dhururu,Batter,140,43.07692308,325,0,0,0,270,270,0,65,205,0,Zimbabwe,
ARI Umeed,Batter,138,99.28057554,139,0,0,0,49,49,0,27,22,1,Scotland,
D Myers,Batter,138,71.13402062,194,0,0,0,242,242,0,58,184,0,Zimbabwe,
KA Hope,Batter,138,68.65671642,201,0,0,0,402,402,0,155,247,0,West Indies,
T Bhatia,Batter,138,67.31707317,205,0,0,0,503,503,0,312,191,0,India,
N Vare,Batter,138,42.7244582,323,0,0,0,56,56,0,10,46,0,Papua New Guinea,
D Gough,Batter,137,69.19191919,198,58,1504,2004,518,518,0,295,223,1,England,2.362068966
Marina Iqbal,Batter,137,43.91025641,312,1,62,49,416,416,0,205,211,0,Pakistan,137
NJ Carey,Batter,136,93.79310345,145,20,511,754,491,491,0,343,148,0,Australia,6.8
CR Pagydyala,Batter,136,80,170,0,0,0,3,3,0,1,2,1,United States of America,
HK Badani,Batter,135,77.14285714,175,2,53,63,534,534,0,330,204,0,India,67.5
S Verma,Batter,135,62.21198157,217,0,0,0,435,435,0,267,168,0,India,
P Molkenboer,Batter,135,48.38709677,279,1,10,19,80,80,0,24,56,0,Netherlands,135
RP Singh,Batter,135,44.40789474,304,80,2487,2817,542,542,0,333,209,2,India,1.6875
T Banton,Batter,134,92.4137931,145,0,0,0,426,426,0,244,182,0,England,
AM Hardie,Batter,134,84.27672956,159,7,269,301,510,510,0,356,154,0,Australia,19.14285714
PA Browne,Batter,134,73.22404372,183,0,0,0,408,408,0,157,251,0,West Indies,
Faisal Iqbal,Batter,134,51.53846154,260,0,0,0,422,422,0,207,215,0,Pakistan,
JL Smith,Batter,133,90.47619048,147,0,0,0,487,487,0,280,207,0,England,
CR Seneviratna,Batter,133,48.01444043,277,12,234,392,464,464,0,216,248,0,Sri Lanka,11.08333333
TJ Friend,Batter,132,75.42857143,175,1,69,57,226,226,0,56,170,0,Zimbabwe,132
D Keulder,Batter,132,59.72850679,221,0,0,0,53,53,0,25,28,0,Namibia,
TS Kamunhukamwe,Batter,131,77.5147929,169,0,0,0,273,273,0,66,207,0,Zimbabwe,
KH Pandya,Batter,130,99.23664122,131,2,224,234,572,572,0,355,217,0,India,65
D Bau,Batter,130,58.55855856,222,0,0,0,54,54,0,10,44,0,Papua New Guinea,
DF Watts,Batter,130,54.16666667,240,0,0,0,89,89,0,48,41,0,Scotland,
HDPK Dharmasena,Batter,129,83.22580645,155,6,277,425,360,360,0,167,193,0,Sri Lanka,21.5
D Ravu,Batter,128,66.32124352,193,10,503,608,59,59,0,12,47,0,Papua New Guinea,12.8
Nafees Iqbal,Batter,128,47.40740741,270,0,0,0,293,293,0,106,187,0,Bangladesh,
B Sai Sudharsan,Batter,127,88.19444444,144,0,8,4,580,580,0,360,220,0,India,
N Hussain,Batter,127,64.14141414,198,0,0,0,457,457,0,262,195,0,England,
ZE Surkari,Batter,127,42.47491639,299,0,0,0,48,48,0,16,32,0,Canada,
Azhar Mahmood,Batter,126,76.82926829,164,6,324,407,453,453,0,220,233,0,Pakistan,21
Mudassar Bukhari,Batter,126,69.23076923,182,16,515,606,73,73,0,22,51,0,Netherlands,7.875
CE Coulter Reilly,Batter,126,60.57692308,208,0,0,0,146,146,0,52,94,0,Ireland,
SACA King,Batter,126,54.07725322,233,2,204,286,386,386,0,152,234,0,West Indies,63
SM Kavanagh,Batter,126,52.71966527,239,1,92,74,136,136,0,46,90,0,Ireland,126
AR Odedara,Batter,126,43.90243902,287,0,0,0,37,37,0,21,16,1,Oman,
KDU Prabodhani,Batter,126,35.69405099,353,27,1130,1485,497,497,0,231,266,0,Sri Lanka,4.666666667
H Carlyon,Batter,125,83.89261745,149,2,141,183,4,4,0,1,3,0,Jersey,62.5
P Marange,Batter,125,81.69934641,153,10,307,457,270,270,0,65,205,0,Zimbabwe,12.5
ML Nkala,Batter,125,70.2247191,178,5,315,311,265,265,0,64,201,0,Zimbabwe,25
FL Mackay,Batter,125,63.7755102,196,19,475,614,384,384,0,195,189,0,New Zealand,6.578947368
RS Kaluwitharana,Batter,124,68.88888889,180,0,0,0,348,348,0,162,186,0,Sri Lanka,
Dhiman Ghosh,Batter,124,60.48780488,205,0,0,0,291,291,0,105,186,0,Bangladesh,
PA Jaques,Batter,123,72.35294118,170,0,0,0,522,522,0,363,159,0,Australia,
Usman Limbada,Batter,123,63.73056995,193,0,0,0,34,34,0,9,25,0,Canada,
B Tau,Batter,123,52.34042553,235,0,0,0,56,56,0,10,46,0,Papua New Guinea,
PA Chatterji,Batter,123,51.46443515,239,8,284,351,97,97,0,52,45,0,Scotland,15.375
CT Mutombodzi,Batter,122,81.87919463,149,5,271,282,263,263,0,64,199,0,Zimbabwe,24.4
JP Maher,Batter,122,65.24064171,187,0,0,0,540,540,0,378,162,0,Australia,
Mahedi Hasan,Batter,122,62.56410256,195,15,441,534,327,327,0,127,200,0,Bangladesh,8.133333333
Ayasha Rahman,Batter,122,58.37320574,209,0,0,0,157,157,0,56,101,0,Bangladesh,
T Maruma,Batter,122,54.22222222,225,6,204,217,266,266,0,64,202,0,Zimbabwe,20.33333333
B Evans,Batter,121,78.57142857,154,17,525,542,257,257,0,60,197,0,Zimbabwe,7.117647059
AL Hodgkinson,Batter,121,71.59763314,169,0,0,0,322,322,0,192,130,0,South Africa,
U Bhatti,Batter,120,91.60305344,131,12,350,516,46,46,0,15,31,0,Canada,10
K Weeraratne,Batter,120,86.33093525,139,0,102,96,463,463,0,216,247,0,Sri Lanka,
N Koncharoenkai,Batter,120,78.43137255,153,0,0,0,8,8,0,7,1,0,Thailand,
JW Jenner,Batter,119,67.61363636,176,0,0,0,4,4,0,1,3,0,Jersey,
J Edness,Batter,119,54.58715596,218,0,0,0,11,11,0,2,9,0,Bermuda,
R Malhotra,Batter,118,63.78378378,185,1,82,85,561,561,0,347,214,0,India,118
S Jimmy,Batter,118,59.5959596,198,17,230,394,56,56,0,10,46,0,Papua New Guinea,6.941176471
J Anderson,Batter,118,57.56097561,205,0,20,30,124,124,0,40,84,0,Ireland,
BJ Patel,Batter,118,46.64031621,253,0,21,18,38,38,0,13,25,0,Kenya,
Khalid Kail,Batter,117,74.05063291,158,0,0,0,41,41,0,23,18,0,Oman,
MC Henriques,Batter,117,60.9375,192,10,354,408,518,518,0,362,156,0,Australia,11.7
SL Quintyne,Batter,117,57.35294118,204,9,176,260,365,365,0,143,222,0,West Indies,13
CMG Atkins,Batter,117,55.45023697,211,0,0,0,412,412,0,239,173,1,England,
RD Gaikwad,Batter,115,72.32704403,159,0,0,0,580,580,0,360,220,0,India,
EN Lynch,Batter,115,50.21834061,229,15,355,510,85,85,0,25,60,0,Netherlands,7.666666667
Kainat Imtiaz,Batter,115,43.56060606,264,7,465,451,441,441,0,214,227,0,Pakistan,16.42857143
S Meghana,Batter,114,102.7027027,111,0,0,0,530,530,0,329,201,0,India,
MA Carberry,Batter,114,62.98342541,181,0,12,6,482,482,0,276,206,0,England,
B Muzarabani,Batter,114,54.02843602,211,54,1794,2131,273,273,0,66,207,1,Zimbabwe,2.111111111
Jaker Ali,Batter,113,105.6074766,107,0,0,0,190,190,0,70,120,0,Bangladesh,
L Jack,Batter,113,103.6697248,109,0,0,0,97,97,0,52,45,0,Scotland,
TBM de Leede,Batter,113,53.80952381,210,18,413,484,87,87,0,26,61,1,Netherlands,6.277777778
LP van Troost,Batter,112,68.29268293,164,1,82,43,87,87,0,26,61,0,Netherlands,112
DP Hyatt,Batter,112,59.25925926,189,0,0,0,328,328,0,125,203,0,West Indies,
KD Shah,Batter,112,58.33333333,192,7,79,110,15,15,0,5,10,0,Hong Kong,16
JDF Vandersay,Batter,112,46.47302905,241,40,1091,1206,490,490,0,227,263,1,Sri Lanka,2.8
C Carter,Batter,111,63.06818182,176,0,0,0,16,16,0,5,11,0,Hong Kong,
AN Kervezee,Batter,110,53.92156863,204,0,0,0,73,73,0,22,51,0,Netherlands,
SV Carlisle,Batter,110,44.17670683,249,0,0,0,136,136,0,33,103,0,Zimbabwe,
D Hazell,Batter,109,77.85714286,140,34,904,1375,489,489,0,282,207,0,England,3.205882353
TS Chisoro,Batter,109,70.32258065,155,12,383,488,264,264,0,64,200,1,Zimbabwe,9.083333333
R Murray,Batter,108,60,180,0,0,0,253,253,0,60,193,0,Zimbabwe,
A Maregwede,Batter,108,59.34065934,182,0,0,0,265,265,0,64,201,0,Zimbabwe,
A Khaka,Batter,108,46.35193133,233,129,3067,4389,471,471,0,290,181,2,South Africa,0.837209302
KNM Fernando,Batter,107,108.0808081,99,0,0,0,310,310,0,146,164,0,Sri Lanka,
MM English,Batter,107,86.29032258,124,0,0,0,74,74,0,41,33,1,Scotland,
BA Parchment,Batter,107,54.04040404,198,0,0,0,408,408,0,157,251,0,West Indies,
SR Hain,Batter,106,106,100,0,0,0,283,283,0,168,115,0,England,
A Minny,Batter,106,81.53846154,130,0,0,0,389,389,0,238,151,0,South Africa,
SL Kalis,Batter,106,44.16666667,240,0,0,0,81,81,0,24,57,0,Netherlands,
HDJ Siegers,Batter,105,84.67741935,124,0,0,0,81,81,0,24,57,0,Netherlands,
RML Taylor,Batter,105,82.03125,128,11,386,437,100,100,0,53,47,0,Scotland,9.545454545
RK Kleinveldt,Batter,105,81.39534884,129,12,415,481,463,463,0,284,179,0,South Africa,8.75
AA Jangoo,Batter,104,122.3529412,85,0,0,0,241,241,0,90,151,1,West Indies,
L Balaji,Batter,104,78.78787879,132,28,928,1005,537,537,0,331,206,0,India,3.714285714
DA Minors,Batter,104,59.09090909,176,0,0,0,12,12,0,2,10,0,Bermuda,
D Elgar,Batter,104,57.45856354,181,2,74,98,469,469,0,289,180,0,South Africa,52
KV Jain,Batter,104,47.48858447,219,0,0,0,514,514,0,318,196,0,India,
PS Athavale,Batter,103,58.52272727,176,0,0,0,49,49,0,27,22,0,Oman,
C de Lange,Batter,103,45.57522124,226,12,416,611,85,85,0,25,60,0,Netherlands,8.583333333
M Klaas,Batter,103,38.86792453,265,77,2277,2771,464,464,0,285,179,2,South Africa,1.337662338
M Kartik,Batter,102,74.45255474,137,30,1048,1227,534,534,0,330,204,1,India,3.4
AM Bacher,Batter,102,56.35359116,181,3,66,108,393,393,0,241,152,0,South Africa,34
Yasir Ali Chowdhury,Batter,101,95.28301887,106,0,0,0,312,312,0,116,196,0,Bangladesh,
WK McCallan,Batter,101,57.38636364,176,14,425,612,152,152,0,53,99,0,Ireland,7.214285714
Shahzaib Hasan,Batter,100,84.74576271,118,0,0,0,319,319,0,162,157,0,Pakistan,
SM Benade,Batter,100,78.125,128,4,43,111,389,389,0,238,151,0,South Africa,25
R Kanoh,Batter,100,67.11409396,149,0,0,0,9,9,0,8,1,0,Thailand,
CJ Bowes,Batter,99,81.81818182,121,0,0,0,333,333,0,174,159,0,New Zealand,
Hamza Tariq,Batter,99,68.75,144,0,0,0,34,34,0,9,25,0,Canada,
BMSM Kumari,Batter,99,40.74074074,243,18,872,1024,497,497,0,231,266,0,Sri Lanka,5.5
I Maraj,Batter,98,35.8974359,273,0,23,27,49,49,0,16,33,0,Canada,
JL Ontong,Batter,97,71.32352941,136,1,24,18,459,459,0,283,176,0,South Africa,97
AL Kandappah,Batter,97,61.00628931,159,0,4,1,32,32,0,9,23,0,Canada,
RA Jones,Batter,96,51.3368984,187,0,0,0,315,315,0,164,151,0,New Zealand,
Tanzim Hasan Sakib,Batter,95,77.86885246,122,14,417,445,292,292,0,106,186,1,Bangladesh,6.785714286
GEF Barnett,Batter,95,51.35135135,185,0,0,0,46,46,0,15,31,0,Canada,
RJ Trott,Batter,95,48.96907216,194,9,158,193,11,11,0,2,9,0,Bermuda,10.55555556
RS Gavaskar,Batter,93,56.70731707,164,1,74,73,330,330,0,192,138,0,India,93
Sanjida Islam,Batter,93,41.15044248,226,0,12,8,295,295,0,107,188,0,Bangladesh,
T Munyonga,Batter,92,67.15328467,137,0,10,6,186,186,0,47,139,0,Zimbabwe,
Shoriful Islam,Batter,91,85.8490566,106,46,1379,1445,327,327,0,127,200,0,Bangladesh,1.97826087
JV Harris,Batter,91,43.96135266,207,0,0,0,49,49,0,16,33,0,Canada,
GB Murgatroyd,Batter,90,60.81081081,148,0,0,0,53,53,0,25,28,0,Namibia,
A Nehra,Batter,90,51.72413793,174,115,3363,3745,579,579,0,360,219,2,India,0.782608696
SK Atai,Batter,90,48.91304348,184,0,35,48,62,62,0,12,50,0,Papua New Guinea,
Bilawal Bhatti,Batter,89,115.5844156,77,7,448,420,449,449,0,220,229,0,Pakistan,12.71428571
PBB Rajapaksa,Batter,89,102.2988506,87,0,0,0,478,478,0,221,257,0,Sri Lanka,
SSD Arachchige,Batter,89,66.41791045,134,1,28,42,324,324,0,153,171,0,Sri Lanka,89
TC Bastiampillai,Batter,89,54.60122699,163,0,12,6,32,32,0,9,23,0,Canada,
S Tippoch,Batter,89,39.38053097,226,9,100,211,9,9,0,8,1,0,Thailand,9.888888889
Z James,Batter,89,36.7768595,242,13,235,304,417,417,0,162,255,0,West Indies,6.846153846
Nashra Sandhu,Batter,89,27.55417957,323,87,2413,3282,463,463,0,223,240,0,Pakistan,1.022988506
N Davin,Batter,88,83.80952381,105,0,0,0,54,54,0,25,29,0,Namibia,
SE Findlay,Batter,88,62.85714286,140,0,0,0,394,394,0,153,241,0,West Indies,
J Fraser-McGurk,Batter,87,147.4576271,59,0,0,0,488,488,0,340,148,0,Australia,
T Mupariwa,Batter,87,41.82692308,208,39,1225,1417,266,266,0,64,202,0,Zimbabwe,2.230769231
P Mujaji,Batter,86,51.80722892,166,0,0,0,224,224,0,55,169,0,Zimbabwe,
FL Reifer,Batter,86,45.26315789,190,0,0,0,401,401,0,155,246,0,West Indies,
NE Bonner,Batter,85,60.71428571,140,1,56,67,384,384,0,151,233,0,West Indies,85
J Sumerauer,Batter,84,113.5135135,74,10,213,246,4,4,0,1,3,0,Jersey,8.4
SI Mahmood,Batter,84,84.84848485,99,38,1145,1238,509,509,0,291,218,2,England,2.210526316
JJ Atkinson,Batter,84,55.26315789,152,0,0,0,12,12,0,3,9,0,Hong Kong,
CJ Nevin,Batter,83,54.96688742,151,0,0,0,411,411,0,214,197,0,New Zealand,
GT Main,Batter,82,92.13483146,89,33,609,695,95,95,0,51,44,1,Scotland,2.484848485
C Hemraj,Batter,82,81.18811881,101,0,9,7,413,413,0,161,252,0,West Indies,
GC Bhogle,Batter,82,49.39759036,166,0,0,0,57,57,0,27,30,0,United States of America,
S Nitschke,Batter,81,96.42857143,84,1,73,93,416,416,0,296,120,1,Australia,81
Mohammad Wasim,Batter,80,91.95402299,87,36,858,927,461,461,0,222,239,0,Pakistan,2.222222222
A Lister,Batter,80,71.42857143,112,0,0,0,97,97,0,52,45,0,Scotland,
M McColl,Batter,80,68.96551724,116,0,0,0,97,97,0,52,45,0,Scotland,
GR Codrington,Batter,80,65.04065041,123,9,267,307,38,38,0,10,28,1,Canada,8.888888889
Rabiya Shah,Batter,80,62.99212598,127,0,0,0,431,431,0,211,220,0,Pakistan,
M Terblanche,Batter,80,58.39416058,137,0,0,12,389,389,0,238,151,0,South Africa,
M Spoors,Batter,80,54.79452055,146,0,0,0,50,50,0,17,33,0,Canada,
D Langford-Smith,Batter,79,94.04761905,84,10,362,489,152,152,0,53,99,0,Ireland,7.9
E Claridge,Batter,79,76.69902913,103,0,0,0,57,57,0,27,30,0,United States of America,
AI Chudasama,Batter,79,74.52830189,106,10,250,405,57,57,0,27,30,0,United States of America,7.9
UT Yadav,Batter,79,58.08823529,136,116,3659,3701,565,565,0,349,216,0,India,0.681034483
JP Greaves,Batter,79,57.66423358,137,1,95,86,388,388,0,152,236,0,West Indies,79
E Schiferli,Batter,79,56.42857143,140,8,331,388,87,87,0,26,61,0,Netherlands,9.875
S Badrinath,Batter,79,45.66473988,173,0,0,0,567,567,0,350,217,0,India,
MJ Cosgrove,Batter,78,96.2962963,81,0,12,24,473,473,0,332,141,1,Australia,
HJ Armitage,Batter,78,82.10526316,95,0,0,0,490,490,0,282,208,0,England,
T Suri,Batter,78,73.58490566,106,0,0,0,96,96,0,33,63,0,United Arab Emirates,
Sami Aslam,Batter,78,63.41463415,123,0,0,0,430,430,0,211,219,0,Pakistan,
SP Khakurel,Batter,78,46.98795181,166,0,0,0,64,64,0,32,32,0,Nepal,
WB Rankin,Batter,78,42.62295082,183,67,1996,2489,164,164,0,60,104,0,Ireland,1.164179104
SC Taylor,Batter,77,105.4794521,73,0,0,0,412,412,0,239,173,0,England,
SP Krishnamurthi,Batter,77,77.77777778,99,0,26,36,49,49,0,24,25,0,United States of America,
Ravinderpal Singh,Batter,77,71.96261682,107,0,0,0,50,50,0,17,33,0,Canada,
GM Ewing,Batter,77,66.95652174,115,6,186,273,232,232,0,57,175,0,Zimbabwe,12.83333333
SC Joseph,Batter,77,50.32679739,153,0,0,0,338,338,0,128,210,0,West Indies,
S Gajnabi,Batter,77,41.62162162,185,5,130,148,417,417,0,162,255,0,West Indies,15.4
Syed Rasel,Batter,76,45.23809524,168,53,1634,2095,343,343,0,134,209,0,Bangladesh,1.433962264
KW Richardson,Batter,75,107.1428571,70,45,1251,1338,531,531,0,370,161,1,Australia,1.666666667
Utkarsh Srivastava,Batter,75,100,75,0,17,24,39,39,0,19,20,0,United States of America,
KDK Vithanage,Batter,75,81.52173913,92,0,17,12,435,435,0,204,231,0,Sri Lanka,
CA Lynn,Batter,75,81.52173913,92,0,0,0,379,379,0,272,107,0,Australia,
MNK Fernando,Batter,75,70.09345794,107,0,22,12,376,376,0,178,198,0,Sri Lanka,
SW Poynter,Batter,74,72.54901961,102,0,0,0,129,129,0,43,86,0,Ireland,
N Gwanzura,Batter,74,68.51851852,108,0,0,0,270,270,0,65,205,0,Zimbabwe,
MM Patel,Batter,74,64.9122807,114,93,2614,3188,579,579,0,360,219,2,India,0.795698925
DS Bajwa,Batter,74,60.16260163,123,1,27,25,39,39,0,10,29,0,Canada,74
U Raymond-Hoey,Batter,74,59.67741935,124,0,0,0,153,153,0,54,99,0,Ireland,
DS Weerakkody,Batter,73,108.9552239,67,0,0,0,262,262,0,124,138,0,Sri Lanka,
Kaleem Sana,Batter,73,75.25773196,97,27,561,813,50,50,0,17,33,0,Canada,2.703703704
Waheed Ahmed,Batter,73,55.72519084,131,1,94,125,86,86,0,29,57,0,United Arab Emirates,73
C Sutthiruang,Batter,73,54.88721805,133,7,149,246,9,9,0,8,1,0,Thailand,10.42857143
SS McKechnie,Batter,73,51.4084507,142,0,0,0,14,14,0,4,10,0,Hong Kong,
TP Visee,Batter,72,109.0909091,66,0,0,0,88,88,0,27,61,0,Netherlands,
TL Best,Batter,72,63.15789474,114,36,994,1175,416,416,0,162,254,0,West Indies,2
DR Brown,Batter,72,62.60869565,115,3,163,140,78,78,0,43,35,0,Scotland,24
SD Outerbridge,Batter,72,48.97959184,147,1,11,6,12,12,0,2,10,0,Bermuda,72
J Smits,Batter,72,36.92307692,195,0,0,0,75,75,0,22,53,0,Netherlands,
Wasim Akram,Batter,71,98.61111111,72,12,216,314,426,426,0,209,217,1,Pakistan,5.916666667
BJ Bennett,Batter,71,94.66666667,75,0,27,12,242,242,0,58,184,0,Zimbabwe,
TK Patel,Batter,71,47.65100671,149,5,120,176,61,61,0,29,32,0,United States of America,14.2
V Araa,Batter,71,39.66480447,179,11,221,322,56,56,0,10,46,0,Papua New Guinea,6.454545455
Mohammad Aadil Alam,Batter,70,85.36585366,82,9,166,272,65,65,0,33,32,0,Nepal,7.777777778
Shuvagata Hom,Batter,70,79.54545455,88,0,9,12,204,204,0,75,129,0,Bangladesh,
Haris Rauf,Batter,70,75.2688172,93,79,2029,2113,461,461,0,222,239,3,Pakistan,0.886075949
Natalia Pervaiz,Batter,70,66.03773585,106,0,16,18,253,253,0,130,123,0,Pakistan,
N Dutta,Batter,70,57.37704918,122,2,177,236,50,50,0,17,33,0,Canada,35
K Frank,Batter,70,53.84615385,130,0,0,0,56,56,0,10,46,0,Papua New Guinea,
TN de Grooth,Batter,70,46.66666667,150,0,0,0,73,73,0,22,51,0,Netherlands,
DR Mousley,Batter,69,78.40909091,88,0,17,13,495,495,0,284,211,0,England,
B Ward,Batter,69,65.09433962,106,4,186,183,4,4,0,1,3,0,Jersey,17.25
Shakeel Ahmed,Batter,69,52.27272727,132,17,193,402,49,49,0,27,22,2,Oman,4.058823529
Tilak Varma,Batter,68,54.4,125,0,39,42,580,580,0,360,220,0,India,
Sana Javed,Batter,68,50,136,0,0,0,383,383,0,190,193,0,Pakistan,
AS van Beuge,Batter,68,34.69387755,196,8,159,183,85,85,0,25,60,0,Netherlands,8.5
RC Irani,Batter,67,53.6,125,8,288,355,457,457,0,262,195,0,England,8.375
GM Strydom,Batter,67,50.37593985,133,0,24,30,201,201,0,52,149,0,Zimbabwe,
SR Waters,Batter,67,45.57823129,147,0,0,0,33,33,0,11,22,0,Kenya,
Sharmin Sultana,Batter,67,33.83838384,198,0,0,0,295,295,0,107,188,0,Bangladesh,
Mehran Khan,Batter,66,94.28571429,70,0,89,61,49,49,0,27,22,0,Oman,
JR Philippe,Batter,65,71.42857143,91,0,0,0,341,341,0,246,95,0,Australia,
CD de Lange,Batter,65,69.14893617,94,15,211,264,98,98,0,53,45,0,Scotland,4.333333333
AD Poynter,Batter,65,48.50746269,134,0,0,0,144,144,0,51,93,0,Ireland,
S Molineux,Batter,64,83.11688312,77,23,339,613,484,484,0,338,146,1,Australia,2.782608696
Yasir Arafat,Batter,64,62.13592233,103,2,327,355,423,423,0,207,216,0,Pakistan,32
Batool Fatima,Batter,64,60.95238095,105,0,0,0,383,383,0,190,193,0,Pakistan,
AR Caddick,Batter,64,54.23728814,118,18,389,604,457,457,0,262,195,1,England,3.555555556
N Boochatham,Batter,64,41.83006536,153,10,165,356,9,9,0,8,1,0,Thailand,6.4
PD McGlashan,Batter,63,118.8679245,53,0,0,0,375,375,0,192,183,0,New Zealand,
AAP Atkinson,Batter,63,114.5454545,55,11,395,399,444,444,0,253,191,0,England,5.727272727
L Tshuma,Batter,63,38.65030675,163,10,328,466,270,270,0,65,205,0,Zimbabwe,6.3
Adnan Akmal,Batter,62,67.39130435,92,0,0,0,444,444,0,216,228,0,Pakistan,
J Gray,Batter,62,54.86725664,113,0,0,0,110,110,0,36,74,0,Ireland,
CS Fraser,Batter,62,46.26865672,134,9,358,409,417,417,0,162,255,0,West Indies,6.888888889
BT Foakes,Batter,61,78.20512821,78,0,0,0,373,373,0,218,155,1,England,
K Klein,Batter,61,69.31818182,88,17,266,351,90,90,0,29,61,0,Netherlands,3.588235294
S Laomi,Batter,61,54.95495495,111,16,176,295,9,9,0,8,1,0,Thailand,3.8125
G Sultana,Batter,61,36.96969697,165,12,338,518,561,561,0,347,214,0,India,5.083333333
Shahid Wasif,Batter,60,43.47826087,138,0,0,0,16,16,0,5,11,0,Hong Kong,
TG Norris,Batter,59,101.7241379,58,7,191,268,57,57,0,27,30,0,United States of America,8.428571429
PJ Scholfield,Batter,59,96.72131148,61,0,0,0,490,490,0,282,208,0,England,
BAM Heath,Batter,59,96.72131148,61,0,0,0,490,490,0,282,208,0,England,
MJ Hay,Batter,59,81.94444444,72,0,0,0,216,216,0,113,103,0,New Zealand,
MR Swart,Batter,59,75.64102564,78,2,116,144,69,69,0,22,47,0,Netherlands,29.5
Abdul Jabbar,Batter,59,68.60465116,86,0,0,0,32,32,0,9,23,0,Canada,
Shaila Sharmin,Batter,59,60.20408163,98,1,79,97,272,272,0,97,175,0,Bangladesh,59
HJ Thomas,Batter,59,48.36065574,122,9,246,392,56,56,0,10,46,0,Papua New Guinea,6.555555556
D Parashar,Batter,58,65.16853933,89,5,93,192,69,69,0,26,43,0,United Arab Emirates,11.6
Mohammad Naim,Batter,58,58.58585859,99,0,0,0,322,322,0,123,199,0,Bangladesh,
Hammad Mirza,Batter,58,54.71698113,106,0,0,0,37,37,0,21,16,0,Oman,
M van Schoor,Batter,58,52.25225225,111,0,0,0,53,53,0,25,28,0,Namibia,
LL Tsotsobe,Batter,58,51.32743363,113,102,2360,2988,463,463,0,284,179,3,South Africa,0.568627451
TMK Mawoyo,Batter,58,34.93975904,166,0,0,0,195,195,0,51,144,0,Zimbabwe,
Tayyab Tahir,Batter,57,123.9130435,46,0,0,0,409,409,0,203,206,0,Pakistan,
AJ Tye,Batter,57,118.75,48,15,396,400,501,501,0,350,151,0,Australia,3.8
L Sreekumar,Batter,57,82.60869565,69,0,0,0,97,97,0,33,64,0,United Arab Emirates,
Akram Khan,Batter,57,55.88235294,102,0,0,0,346,346,0,134,212,0,Bangladesh,
S Jora,Batter,56,82.35294118,68,0,0,0,54,54,0,27,27,0,Nepal,
Zubayr Hamza,Batter,56,68.29268293,82,0,0,0,288,288,0,176,112,0,South Africa,
RK Singh,Batter,55,127.9069767,43,1,2,6,580,580,0,360,220,0,India,55
FY Fazal,Batter,55,84.61538462,65,0,0,0,120,120,0,63,57,0,India,
J Figy John,Batter,55,73.33333333,75,0,0,0,95,95,0,33,62,0,United Arab Emirates,
AB Kaur,Batter,55,50.4587156,109,6,197,226,398,398,0,241,157,0,India,9.166666667
DES Maxwell,Batter,54,120,45,0,0,0,38,38,0,10,28,0,Canada,
Kabir Ali,Batter,54,93.10344828,58,21,648,640,518,518,0,295,223,0,England,2.571428571
A Nao,Batter,54,76.05633803,71,20,724,871,63,63,0,12,51,1,Papua New Guinea,2.7
A Mazvishaya,Batter,54,44.62809917,121,12,350,491,270,270,0,65,205,0,Zimbabwe,4.5
Mohammad Hasnain,Batter,53,155.8823529,34,20,705,695,461,461,0,222,239,0,Pakistan,2.65
BCJ Cutting,Batter,53,79.10447761,67,5,160,220,463,463,0,323,140,0,Australia,10.6
CAK Walton,Batter,53,60.22727273,88,0,0,0,402,402,0,155,247,0,West Indies,
P Maya,Batter,53,50.47619048,105,9,165,226,9,9,0,8,1,0,Thailand,5.888888889
AR Berenger,Batter,53,46.08695652,115,0,0,0,60,60,0,24,36,0,United Arab Emirates,
K Thomson,Batter,52,75.36231884,69,0,39,21,352,352,0,212,140,0,South Africa,
AK Perera,Batter,52,62.65060241,83,0,33,36,448,448,0,209,239,0,Sri Lanka,
KE Ebrahim,Batter,52,54.73684211,95,4,83,110,238,238,0,124,114,0,New Zealand,13
Waqas Khan,Batter,52,49.05660377,106,0,0,0,16,16,0,5,11,0,Hong Kong,
IR James,Batter,51,79.6875,64,0,0,0,420,420,0,220,200,0,New Zealand,
AA Paradkar,Batter,51,60,85,9,245,224,49,49,0,24,25,0,United States of America,5.666666667
RN Bhatia,Batter,51,44.73684211,114,3,337,348,92,92,0,31,61,0,United Arab Emirates,17
CA Pujara,Batter,51,37.5,136,0,0,0,517,517,0,321,196,0,India,
WA Agar,Batter,50,116.2790698,43,0,44,70,341,341,0,246,95,0,Australia,
RTM Mendis,Batter,50,100,50,4,74,77,204,204,0,92,112,0,Sri Lanka,12.5
VR Vanitha,Batter,50,78.125,64,0,0,0,358,358,0,210,148,0,India,
MJ Bulow,Batter,50,67.56756757,74,0,0,0,409,409,0,291,118,0,Australia,
EL Watson,Batter,50,40,125,0,0,0,97,97,0,52,45,0,Scotland,
SS Tiwary,Batter,49,85.96491228,57,0,0,0,391,391,0,234,157,0,India,
LHD Dilhara,Batter,49,81.66666667,60,3,101,126,245,245,0,114,131,0,Sri Lanka,16.33333333
KO Meth,Batter,49,52.68817204,93,10,416,400,210,210,0,54,156,0,Zimbabwe,4.9
TB Robinson,Batter,48,97.95918367,49,0,0,0,216,216,0,113,103,0,New Zealand,
Zulqarnain Haider,Batter,48,68.57142857,70,0,0,0,334,334,0,166,168,0,Pakistan,
Irfan Khan,Batter,48,64.86486486,74,0,0,0,428,428,0,211,217,0,Pakistan,
Tasqeen Qadeer,Batter,48,33.33333333,144,0,0,0,383,383,0,190,193,0,Pakistan,
G Kodali,Batter,46,60.52631579,76,7,275,306,57,57,0,27,30,1,United States of America,6.571428571
Steven Ryan Taylor,Batter,46,56.79012346,81,0,23,21,13,13,0,7,6,0,United States of America,
KK Nair,Batter,46,51.68539326,89,0,0,0,559,559,0,347,212,0,India,
OV Anderson,Batter,46,47.42268041,97,0,0,0,166,166,0,109,57,1,South Africa,
SZ Thakor,Batter,46,45.09803922,102,10,378,442,490,490,0,303,187,0,India,4.6
PP Ojha,Batter,46,40.35087719,114,21,660,882,565,565,0,349,216,0,India,2.19047619
AE Smith,Batter,45,150,30,4,51,115,389,389,0,238,151,0,South Africa,11.25
TH David,Batter,45,80.35714286,56,1,20,12,483,483,0,337,146,0,Australia,45
M Karg,Batter,45,68.18181818,66,0,0,0,53,53,0,25,28,0,Namibia,
TV Mufambisi,Batter,45,63.38028169,71,0,0,0,249,249,0,60,189,0,Zimbabwe,
M De Ridder,Batter,45,60.81081081,74,0,0,0,453,453,0,278,175,0,South Africa,
IM Vaghela,Batter,45,49.45054945,91,4,221,280,57,57,0,27,30,0,United States of America,11.25
Tabarak Dar,Batter,45,47.36842105,95,0,0,0,11,11,0,3,8,0,Hong Kong,
M Dillon,Batter,44,84.61538462,52,25,737,980,424,424,0,164,260,0,West Indies,1.76
Al Sahariar,Batter,44,43.1372549,102,0,0,0,346,346,0,134,212,0,Bangladesh,
S Sreesanth,Batter,44,35.2,125,81,2388,2481,579,579,0,360,219,1,India,0.543209877
NA de Groot,Batter,44,33.84615385,130,3,88,81,49,49,0,16,33,0,Canada,14.66666667
RP Lefebvre,Batter,43,63.23529412,68,4,126,199,75,75,0,22,53,0,Netherlands,10.75
SJ Swanepoel,Batter,43,43.43434343,99,0,0,0,51,51,0,24,27,0,Namibia,
Haider Ali,Batter,42,127.2727273,33,0,0,0,346,346,0,174,172,0,Pakistan,
CD Cumming,Batter,42,41.58415842,101,0,0,0,382,382,0,194,188,0,New Zealand,
WP Saha,Batter,41,69.49152542,59,0,0,0,579,579,0,360,219,0,India,
NE Farrant,Batter,41,64.0625,64,4,179,218,395,395,0,232,163,0,England,10.25
KY Ottley,Batter,41,53.94736842,76,0,0,0,388,388,0,152,236,0,West Indies,
JL Pattinson,Batter,41,51.25,80,13,652,705,460,460,0,321,139,0,Australia,3.153846154
Fayyaz Ahmed,Batter,41,41.83673469,98,0,69,102,72,72,0,26,46,0,United Arab Emirates,
I Toua,Batter,41,41,100,11,288,395,56,56,0,10,46,1,Papua New Guinea,3.727272727
TD Smartt,Batter,40,61.53846154,65,12,319,508,365,365,0,143,222,0,West Indies,3.333333333
N Mlaba,Batter,40,58.82352941,68,24,1083,1365,471,471,0,290,181,0,South Africa,1.666666667
M Shumba,Batter,40,48.19277108,83,0,27,29,179,179,0,44,135,0,Zimbabwe,
NB Mahwire,Batter,40,37.03703704,108,8,297,389,249,249,0,60,189,0,Zimbabwe,5
SJ Tsukigawa,Batter,39,55.71428571,70,2,20,48,329,329,0,170,159,0,New Zealand,19.5
Usama Mir,Batter,38,126.6666667,30,15,507,521,461,461,0,222,239,0,Pakistan,2.533333333
TB Sole,Batter,38,102.7027027,37,9,291,412,101,101,0,54,47,1,Scotland,4.222222222
N M'shangwe,Batter,38,86.36363636,44,2,165,219,140,140,0,33,107,0,Zimbabwe,19
T Granger,Batter,38,65.51724138,58,2,112,108,270,270,0,65,205,0,Zimbabwe,19
PP Chawla,Batter,38,63.33333333,60,33,1131,1330,546,546,0,337,209,0,India,1.151515152
CS Terblanche,Batter,38,58.46153846,65,1,35,81,389,389,0,238,151,0,South Africa,38
CKB Kulasekara,Batter,38,52.05479452,73,0,82,79,491,491,0,227,264,0,Sri Lanka,
TMM Newton,Batter,38,48.10126582,79,6,251,354,351,351,0,182,169,0,New Zealand,6.333333333
R Klein,Batter,38,46.91358025,81,12,496,615,79,79,0,23,56,0,Netherlands,3.166666667
N Shangase,Batter,38,38.7755102,98,6,404,467,453,453,0,278,175,0,South Africa,6.333333333
Qaiser Ali,Batter,38,38.7755102,98,1,55,89,37,37,0,9,28,0,Canada,38
Arshdeep Singh,Batter,37,108.8235294,34,14,296,365,580,580,0,360,220,1,India,2.642857143
TS Roland-Jones,Batter,37,97.36842105,38,1,34,42,85,85,0,48,37,0,England,37
DM Kimmince,Batter,37,71.15384615,52,7,96,146,527,527,0,367,160,1,Australia,5.285714286
Hasan Mahmud,Batter,37,48.05194805,77,29,873,886,327,327,0,127,200,1,Bangladesh,1.275862069
LN Rajbanshi,Batter,37,23.71794872,156,42,893,1388,59,59,0,30,29,0,Nepal,0.880952381
DNT Zoysa,Batter,36,65.45454545,55,23,560,750,457,457,0,214,243,1,Sri Lanka,1.565217391
Aaditya Varadarajan,Batter,36,54.54545455,66,0,0,0,11,11,0,1,10,0,Canada,
JO Troughton,Batter,36,46.75324675,77,0,0,0,497,497,0,285,212,0,England,
RWT Key,Batter,36,34.28571429,105,0,0,0,480,480,0,276,204,0,England,
Zulfiqar Babar,Batter,35,87.5,40,4,247,297,430,430,0,211,219,0,Pakistan,8.75
O Kamchomphu,Batter,35,57.37704918,61,15,162,349,9,9,0,8,1,0,Thailand,2.333333333
NA Greenwood,Batter,35,50.72463768,69,0,0,0,4,4,0,1,3,0,Jersey,
JNT Vare,Batter,35,49.29577465,71,0,0,0,42,42,0,7,35,0,Papua New Guinea,
C McAuslan,Batter,35,47.2972973,74,0,0,0,13,13,0,4,9,0,Hong Kong,
J van Vliet,Batter,35,41.66666667,84,0,0,0,67,67,0,22,45,0,Netherlands,
Abdul Shakoor,Batter,34,51.51515152,66,0,0,0,97,97,0,33,64,0,United Arab Emirates,
LDVV Silva,Batter,34,44.73684211,76,0,0,0,340,340,0,160,180,0,Sri Lanka,
RP Alexander,Batter,34,41.97530864,81,0,0,0,58,58,0,27,31,0,United States of America,
TL Seifert,Batter,33,117.8571429,28,0,0,0,437,437,0,227,210,0,New Zealand,
Ayesha Naseem,Batter,33,82.5,40,0,0,0,371,371,0,185,186,0,Pakistan,
HM Tiffen,Batter,33,80.48780488,41,0,0,0,329,329,0,170,159,0,New Zealand,
A Aitken-Drummond,Batter,33,68.75,48,0,0,0,79,79,0,43,36,0,Scotland,
Mohammad Iqbal,Batter,33,58.92857143,56,0,0,0,32,32,0,9,23,0,Canada,
PRP Boissevain,Batter,33,57.89473684,57,1,192,133,77,77,0,23,54,0,Netherlands,33
PARP Perera,Batter,33,54.09836066,61,0,0,0,448,448,0,209,239,0,Sri Lanka,
A Codrington,Batter,33,41.7721519,79,6,169,187,49,49,0,16,33,1,Canada,5.5
JAH Marshall,Batter,33,39.28571429,84,0,0,0,427,427,0,222,205,0,New Zealand,
J Overton,Batter,32,145.4545455,22,1,17,26,495,495,0,284,211,0,England,32
DO Leicher,Batter,32,103.2258065,31,1,56,57,10,10,0,7,3,0,Namibia,32
MK Villiers,Batter,32,100,32,5,83,93,490,490,0,282,208,0,England,6.4
D Cleaver,Batter,32,86.48648649,37,0,0,0,251,251,0,129,122,0,New Zealand,
GA Rogers,Batter,32,64,50,5,138,154,78,78,0,43,35,0,Scotland,6.4
MHW Papps,Batter,32,50.79365079,63,0,0,0,427,427,0,222,205,0,New Zealand,
Qanita Jalil,Batter,32,50,64,6,171,323,456,456,0,221,235,0,Pakistan,5.333333333
AA Deshpande,Batter,32,46.37681159,69,0,0,0,231,231,0,133,98,0,India,
O Bell,Batter,32,41.55844156,77,3,164,288,97,97,0,52,45,0,Scotland,10.66666667
C Jonker,Batter,31,91.17647059,34,0,0,0,469,469,0,289,180,0,South Africa,
CW Perchard,Batter,31,88.57142857,35,7,174,216,4,4,0,1,3,0,Jersey,4.428571429
JB Nero,Batter,31,55.35714286,56,0,0,0,308,308,0,118,190,0,West Indies,
D Daesrath,Batter,31,52.54237288,59,0,0,0,36,36,0,9,27,0,Canada,
EC Rainsford,Batter,31,30.09708738,103,17,805,1070,261,261,0,62,199,0,Zimbabwe,1.823529412
T Putthawong,Batter,31,24.8,125,18,230,462,9,9,0,8,1,0,Thailand,1.722222222
PJC Hoffmann,Batter,30,130.4347826,23,1,177,196,78,78,0,43,35,0,Scotland,30
Mohammad Haris,Batter,30,83.33333333,36,0,0,0,317,317,0,160,157,0,Pakistan,
Saqlain Haider,Batter,30,75,40,0,0,0,90,90,0,31,59,0,United Arab Emirates,
RM Jariwala,Batter,30,56.60377358,53,0,0,0,64,64,0,30,34,0,United States of America,
AR Pitcher,Batter,30,54.54545455,55,0,0,0,8,8,0,2,6,0,Bermuda,
SM Warnapura,Batter,30,46.875,64,0,0,0,222,222,0,102,120,0,Sri Lanka,
B Leephatthana,Batter,30,45.45454545,66,0,0,0,9,9,0,8,1,0,Thailand,
M Mangru,Batter,30,42.85714286,70,0,9,18,392,392,0,152,240,0,West Indies,
MF Kendal,Batter,30,34.48275862,87,0,22,21,139,139,0,47,92,0,Ireland,
R Boyce,Batter,30,30,100,0,0,0,428,428,0,165,263,0,West Indies,
A Neill,Batter,29,67.44186047,43,15,345,448,95,95,0,51,44,1,Scotland,1.933333333
M van Jaarsveld,Batter,29,50.87719298,57,1,20,32,437,437,0,270,167,0,South Africa,29
DI Joyce,Batter,29,47.54098361,61,0,0,0,149,149,0,53,96,0,Ireland,
KED Carroll,Batter,28,66.66666667,42,0,8,6,152,152,0,53,99,0,Ireland,
SA Fritz,Batter,28,53.84615385,52,5,38,125,389,389,0,238,151,0,South Africa,5.6
SP de Alwis,Batter,28,52.83018868,53,1,93,110,340,340,0,160,180,0,Sri Lanka,28
Sadia Iqbal,Batter,28,50,56,31,671,1105,463,463,0,223,240,0,Pakistan,0.903225806
J Jarvis,Batter,28,47.45762712,59,7,192,202,63,63,0,35,28,0,Scotland,4
JJ Celestine,Batter,28,43.75,64,0,0,0,11,11,0,2,9,0,Bermuda,
Ehsanul Haque,Batter,28,36.84210526,76,2,37,61,108,108,0,35,73,0,Bangladesh,14
OL Pitcher,Batter,28,33.73493976,83,0,0,0,12,12,0,2,10,0,Bermuda,
PM Liyanagamage,Batter,28,33.33333333,84,5,271,229,380,380,0,180,200,0,Sri Lanka,5.6
GF Linde,Batter,27,87.09677419,31,3,73,91,238,238,0,146,92,0,South Africa,9
Ehsan Adil,Batter,27,62.79069767,43,4,229,229,460,460,0,222,238,0,Pakistan,6.75
CJ Smith,Batter,27,56.25,48,0,0,0,9,9,0,2,7,0,Bermuda,
AF Buurman,Batter,26,76.47058824,34,0,0,0,73,73,0,22,51,0,Netherlands,
B Fernando,Batter,26,70.27027027,37,2,140,159,335,335,0,160,175,0,Sri Lanka,13
Shahid Ahmadzai,Batter,26,66.66666667,39,1,94,169,33,33,0,9,24,0,Canada,26
NG Smith,Batter,26,65,40,6,230,208,401,401,0,208,193,0,New Zealand,4.333333333
S Thuraisingam,Batter,26,55.31914894,47,6,162,191,49,49,0,16,33,0,Canada,4.333333333
Khurram Nawaz,Batter,26,53.06122449,49,0,0,0,52,52,0,27,25,0,Oman,
M Faisal,Batter,26,49.05660377,53,0,0,0,65,65,0,36,29,0,Scotland,
Faisal Hossain,Batter,26,48.14814815,54,1,54,73,306,306,0,112,194,0,Bangladesh,26
Wasim Ali,Batter,26,45.61403509,57,1,31,29,37,37,0,21,16,0,Oman,26
SL Stewart,Batter,26,44.06779661,59,0,0,0,286,286,0,145,141,0,New Zealand,
MS Panesar,Batter,26,28.26086957,92,30,1000,1314,509,509,0,291,218,0,England,0.866666667
SW Tait,Batter,25,86.20689655,29,66,1533,1833,545,545,0,381,164,2,Australia,0.378787879
A Patel,Batter,25,83.33333333,30,3,73,66,40,40,0,10,30,0,Canada,8.333333333
S Naik,Batter,25,64.1025641,39,0,0,0,561,561,0,347,214,0,India,
HDRS Silva,Batter,25,54.34782609,46,2,83,80,468,468,0,217,251,0,Sri Lanka,12.5
Waqas Barkat,Batter,25,46.2962963,54,0,19,12,15,15,0,5,10,0,Hong Kong,
T Kamungozi,Batter,25,44.64285714,56,12,500,580,246,246,0,58,188,0,Zimbabwe,2.083333333
CH van Koolwijk,Batter,25,37.87878788,66,0,0,0,55,55,0,18,37,0,Netherlands,
LJ Poulton,Batter,25,36.23188406,69,0,18,13,495,495,0,346,149,0,Australia,
VR Iyer,Batter,24,58.53658537,41,0,28,30,102,102,0,54,48,0,India,
N Niranjana,Batter,24,40,60,15,340,476,561,561,0,347,214,0,India,1.6
RW Sims,Batter,24,37.5,64,0,21,18,67,67,0,18,49,0,Zimbabwe,
TS Sekhukhune,Batter,24,28.23529412,85,27,875,1150,464,464,0,285,179,0,South Africa,0.888888889
J Louw,Batter,23,328.5714286,7,0,50,44,459,459,0,283,176,0,South Africa,
LK Ebsary,Batter,23,95.83333333,24,0,0,0,416,416,0,296,120,0,Australia,
Avesh Khan,Batter,23,76.66666667,30,9,330,371,580,580,0,360,220,0,India,2.555555556
Y van der Westhuizen,Batter,23,58.97435897,39,0,0,0,322,322,0,192,130,0,South Africa,
J Blackwood,Batter,23,53.48837209,43,0,16,18,315,315,0,118,197,0,West Indies,
SJ Massiah,Batter,23,48.93617021,47,0,0,0,58,58,0,27,31,0,United States of America,
Nestor Dhamba,Batter,23,44.23076923,52,11,210,308,50,50,0,27,23,0,Oman,2.090909091
RD McCann,Batter,23,40.35087719,57,0,0,0,144,144,0,51,93,0,Ireland,
TJ Heggelman,Batter,23,32.3943662,71,2,34,42,69,69,0,22,47,0,Netherlands,11.5
RL Bhudia,Batter,22,146.6666667,15,1,23,48,32,32,0,11,21,0,Kenya,22
RM Patidar,Batter,22,122.2222222,18,0,0,0,30,30,0,21,9,0,India,
PKD Chase,Batter,22,66.66666667,33,19,776,668,159,159,0,56,103,0,Ireland,1.157894737
Shamim Hossain,Batter,22,57.89473684,38,0,8,6,292,292,0,106,186,0,Bangladesh,
Mohammad Salman,Batter,22,55,40,0,0,0,415,415,0,205,210,0,Pakistan,
S Bhari,Batter,22,42.30769231,52,15,246,402,65,65,0,33,32,0,Nepal,1.466666667
E Mbofana,Batter,22,39.28571429,56,5,250,269,270,270,0,65,205,0,Zimbabwe,4.4
JM Cox,Batter,22,38.59649123,57,0,0,0,495,495,0,284,211,0,England,
Mosharraf Hossain,Batter,22,34.375,64,1,124,153,247,247,0,88,159,0,Bangladesh,22
O Thomas,Batter,22,28.20512821,78,30,998,931,418,418,0,162,256,2,West Indies,0.733333333
BP Nash,Batter,21,100,21,0,33,30,244,244,0,90,154,0,West Indies,
BA Langston,Batter,21,95.45454545,22,2,70,138,489,489,0,282,207,0,England,10.5
JP Behrendorff,Batter,21,91.30434783,23,16,581,656,474,474,0,332,142,0,Australia,1.3125
AC Cummins,Batter,21,91.30434783,23,4,181,203,38,38,0,10,28,0,Canada,5.25
EC Perry,Batter,21,75,28,0,0,0,244,244,0,127,117,0,New Zealand,
AB Dinda,Batter,21,55.26315789,38,14,618,613,565,565,0,349,216,0,India,1.5
J Patraj,Batter,21,43.75,48,2,76,92,32,32,0,9,23,0,Canada,10.5
CJ Metcalfe,Batter,21,38.88888889,54,5,268,358,139,139,0,47,92,0,Ireland,4.2
E Otieno,Batter,21,36.84210526,57,15,479,463,29,29,0,10,19,1,Kenya,1.4
LR Naylor,Batter,20,95.23809524,21,0,0,0,24,24,0,15,9,0,Scotland,
S Nisansala,Batter,20,90.90909091,22,8,209,269,482,482,0,223,259,1,Sri Lanka,2.5
MR Johnson,Batter,20,86.95652174,23,0,0,0,58,58,0,27,31,0,United States of America,
HGV Vare,Batter,20,64.51612903,31,0,0,0,47,47,0,7,40,0,Papua New Guinea,
JA Simpson,Batter,20,62.5,32,0,0,0,233,233,0,139,94,0,England,
L Rajadurai,Batter,20,37.73584906,53,0,0,0,33,33,0,6,27,0,Papua New Guinea,
AF Sattaur,Batter,20,31.74603175,63,0,0,0,49,49,0,16,33,0,Canada,
C Viljoen,Batter,19,82.60869565,23,2,14,32,50,50,0,24,26,0,Namibia,9.5
AG Wharf,Batter,19,65.51724138,29,18,403,562,483,483,0,276,207,1,England,1.055555556
GP Tom,Batter,19,55.88235294,34,4,127,184,56,56,0,10,46,0,Papua New Guinea,4.75
S Jyoti,Batter,19,44.18604651,43,0,0,0,42,42,0,12,30,0,Canada,
LR Johnson,Batter,19,29.23076923,65,0,0,0,399,399,0,155,244,0,West Indies,
Tanvir Ahmed,Batter,18,150,12,1,45,37,411,411,0,203,208,0,Pakistan,18
SG Borthwick,Batter,18,112.5,16,1,72,54,292,292,0,173,119,0,England,18
TL Chivanga,Batter,18,85.71428571,21,4,187,189,273,273,0,66,207,0,Zimbabwe,4.5
S Khiaoto,Batter,18,75,24,0,0,0,3,3,0,3,0,0,Thailand,
SSB Magala,Batter,18,72,25,15,384,362,419,419,0,259,160,2,South Africa,1.2
CC Dalton,Batter,18,66.66666667,27,0,0,0,79,79,0,24,55,0,Ireland,
Jamaluddin Ahmed,Batter,18,58.06451613,31,0,28,24,33,33,0,11,22,0,Bangladesh,
I Wardlaw,Batter,18,54.54545455,33,18,596,622,100,100,0,53,47,0,Scotland,1
W Sutherland,Batter,18,54.54545455,33,2,35,53,488,488,0,340,148,0,Australia,9
TCB Fernando,Batter,18,46.15384615,39,1,182,220,509,509,0,236,273,0,Sri Lanka,18
K Whatham,Batter,18,41.86046512,43,0,0,0,5,5,0,1,4,0,Canada,
Sultan Ahmed,Batter,18,40.90909091,44,0,58,72,83,83,0,29,54,0,United Arab Emirates,
DI Allan,Batter,18,37.5,48,0,13,18,39,39,0,13,26,0,Kenya,
SI Kamea,Batter,18,32.72727273,55,28,797,950,63,63,0,12,51,0,Papua New Guinea,0.642857143
Skhawat Ali,Batter,18,30,60,0,71,49,11,11,0,3,8,0,Hong Kong,
R MacDonald-Gay,Batter,17,121.4285714,14,1,55,69,490,490,0,282,208,0,England,17
SDNS Karunaratne,Batter,17,121.4285714,14,0,0,0,372,372,0,175,197,0,Sri Lanka,
JA Clarkson,Batter,17,70.83333333,24,4,73,75,326,326,0,169,157,0,New Zealand,4.25
Waqar Younis,Batter,17,68,25,7,181,189,426,426,0,209,217,0,Pakistan,2.428571429
CP Jack,Batter,17,65.38461538,26,0,21,24,331,331,0,126,205,0,West Indies,
J Sharma,Batter,17,51.51515152,33,0,0,0,396,396,0,239,157,0,India,
Saqlain Mushtaq,Batter,17,43.58974359,39,4,132,166,426,426,0,209,217,0,Pakistan,4.25
OO Bascome,Batter,17,36.17021277,47,0,0,0,1,1,0,1,0,0,Bermuda,
B Shikongo,Batter,17,31.48148148,54,25,755,796,49,49,0,24,25,0,Namibia,0.68
SP Terry,Batter,16,88.88888889,18,0,0,0,124,124,0,40,84,0,Ireland,
Ankur Sharma,Batter,16,51.61290323,31,0,0,0,1,1,0,0,1,0,Hong Kong,
SJ Andrews,Batter,16,44.44444444,36,0,13,24,416,416,0,296,120,0,Australia,
JH Desai,Batter,16,42.10526316,38,0,0,0,46,46,0,23,23,0,United States of America,
Nuzhat Tasnia,Batter,16,37.20930233,43,0,0,0,141,141,0,48,93,0,Bangladesh,
N Ifill,Batter,16,36.36363636,44,0,90,79,40,40,0,10,30,0,Canada,
F Walters,Batter,16,33.33333333,48,0,0,0,247,247,0,91,156,0,West Indies,
SK Dolawatte,Batter,16,28.57142857,56,3,56,78,464,464,0,216,248,0,Sri Lanka,5.333333333
MM Iqbal,Batter,16,27.5862069,58,0,45,36,99,99,0,53,46,0,Scotland,
SE Aley,Batter,15,187.5,8,2,29,63,62,62,0,41,21,0,Australia,7.5
IECM Wong,Batter,15,166.6666667,9,4,122,118,428,428,0,246,182,0,England,3.75
Zafar Gohar,Batter,15,100,15,2,56,61,437,437,0,212,225,0,Pakistan,7.5
SA Millanta,Batter,15,78.94736842,19,3,164,153,495,495,0,346,149,0,Australia,5
F Tunnicliffe,Batter,15,71.42857143,21,0,0,0,214,214,0,133,81,0,South Africa,
RD Steede,Batter,15,68.18181818,22,1,54,84,2,2,0,1,1,0,Bermuda,15
HM Watson,Batter,15,57.69230769,26,0,25,43,329,329,0,170,159,0,New Zealand,
JB Reva,Batter,15,55.55555556,27,6,165,192,49,49,0,9,40,0,Papua New Guinea,2.5
EMDY Munaweera,Batter,15,51.72413793,29,0,0,0,459,459,0,215,244,0,Sri Lanka,
I Dulani,Batter,15,42.85714286,35,0,0,0,428,428,0,200,228,0,Sri Lanka,
RM van Oosterom,Batter,15,39.47368421,38,0,0,0,85,85,0,25,60,0,Netherlands,
AM McCarthy,Batter,15,36.58536585,41,0,10,12,79,79,0,28,51,0,West Indies,
J Post,Batter,15,28.84615385,52,0,0,0,85,85,0,25,60,0,Netherlands,
HD Rutherford,Batter,15,26.78571429,56,0,0,0,438,438,0,227,211,0,New Zealand,
ML Patel,Batter,15,24.59016393,61,0,0,0,34,34,0,11,23,0,Kenya,
G Chapple,Batter,14,200,7,0,14,24,474,474,0,272,202,0,England,
Muhammad Jawadullah,Batter,14,93.33333333,15,7,316,288,92,92,0,31,61,0,United Arab Emirates,2
A Valthapa,Batter,14,63.63636364,22,0,0,0,15,15,0,5,10,0,United Arab Emirates,
O Davidson,Batter,14,42.42424242,33,0,30,54,33,33,0,18,15,0,Scotland,
J Da Silva,Batter,14,40,35,0,0,0,79,79,0,28,51,0,West Indies,
MD du Preez,Batter,14,31.11111111,45,0,0,0,47,47,0,24,23,0,Namibia,
IPP Batuwitarachchi,Batter,14,27.45098039,51,0,0,0,76,76,0,27,49,0,United Arab Emirates,
FC Jonas,Batter,14,24.56140351,57,18,820,1077,428,428,0,222,206,0,New Zealand,0.777777778
L Cheatle,Batter,13,100,13,2,142,154,428,428,0,303,125,0,Australia,6.5
NK Crafton,Batter,13,76.47058824,17,0,0,0,135,135,0,53,82,0,West Indies,
HHC Gunaratne,Batter,13,65,20,8,169,205,372,372,0,175,197,1,Sri Lanka,1.625
GM Harris,Batter,13,59.09090909,22,8,144,249,450,450,0,315,135,0,Australia,1.625
OEG Baartman,Batter,13,54.16666667,24,6,103,154,424,424,0,262,162,0,South Africa,2.166666667
RD Chahar,Batter,13,50,26,3,58,62,75,75,0,41,34,0,India,4.333333333
Usman Salahuddin,Batter,13,46.42857143,28,0,0,0,415,415,0,205,210,0,Pakistan,
D Joseph,Batter,13,40.625,32,5,174,202,29,29,0,8,21,0,Canada,2.6
AA Shafique,Batter,13,39.39393939,33,0,0,0,43,43,0,24,19,0,Oman,
I van der Woning,Batter,13,37.14285714,35,2,140,142,85,85,0,25,60,0,Netherlands,6.5
MC Patel,Batter,13,37.14285714,35,0,54,82,68,68,0,38,30,0,India,
MMA Jonkman,Batter,13,34.21052632,38,1,21,26,11,11,0,4,7,0,Netherlands,13
FR Davies,Batter,13,30.95238095,42,11,316,439,476,476,0,273,203,0,England,1.181818182
HIS Mendis,Batter,13,26,50,0,0,0,347,347,0,161,186,0,Sri Lanka,
TW Hartley,Batter,12,133.3333333,9,0,48,60,283,283,0,168,115,0,England,
TS Nethula,Batter,12,109.0909091,11,5,250,268,359,359,0,185,174,0,New Zealand,2.4
GI Maiden,Batter,12,85.71428571,14,0,0,0,89,89,0,48,41,0,Scotland,
S Daniel,Batter,12,41.37931034,29,0,0,0,182,182,0,79,103,0,Sri Lanka,
HRA Rainey,Batter,12,34.28571429,35,9,145,172,97,97,0,52,45,0,Scotland,1.333333333
AH Maqsood,Batter,12,33.33333333,36,20,257,383,97,97,0,52,45,1,Scotland,0.6
S Dhamala,Batter,12,30,40,0,0,0,7,7,0,4,3,0,Nepal,
NS Poonia,Batter,12,28.57142857,42,0,0,0,88,88,0,47,41,0,Scotland,
MM Penfold,Batter,12,23.07692308,52,10,447,540,428,428,0,222,206,0,New Zealand,1.2
AJ Ireland,Batter,12,18.75,64,16,612,674,249,249,0,60,189,0,Zimbabwe,0.75
SC Kuggeleijn,Batter,11,183.3333333,6,5,62,87,415,415,0,218,197,0,New Zealand,2.2
SV Bahutule,Batter,11,84.61538462,13,0,24,19,534,534,0,330,204,0,India,
Javeria Rauf,Batter,11,68.75,16,1,47,40,456,456,0,221,235,0,Pakistan,11
S Siegers,Batter,11,57.89473684,19,9,243,283,85,85,0,25,60,0,Netherlands,1.222222222
Saad Ali,Batter,11,47.82608696,23,0,0,0,335,335,0,166,169,0,Pakistan,
MG Neser,Batter,11,37.93103448,29,3,239,224,512,512,0,356,156,0,Australia,3.666666667
L Wood,Batter,10,100,10,0,63,61,72,72,0,40,32,0,England,
A Ashok,Batter,10,83.33333333,12,1,65,61,245,245,0,127,118,0,New Zealand,10
GC Tonge,Batter,10,62.5,16,6,229,307,355,355,0,138,217,0,West Indies,1.666666667
Mukesh Kumar,Batter,10,58.82352941,17,5,221,249,580,580,0,360,220,0,India,2
RS Vandort,Batter,10,58.82352941,17,0,0,0,372,372,0,175,197,0,Sri Lanka,
JW Ogle-Thomas,Batter,10,58.82352941,17,0,0,0,308,308,0,118,190,0,West Indies,
Ansh Tandon,Batter,10,55.55555556,18,0,0,0,1,1,0,1,0,0,United Arab Emirates,
SW Currie,Batter,10,52.63157895,19,3,87,126,85,85,0,46,39,0,Scotland,3.333333333
RO Hussain,Batter,10,50,20,0,0,0,56,56,0,31,25,0,Scotland,
W Jaffer,Batter,10,43.47826087,23,0,0,0,539,539,0,331,208,0,India,
A Martin,Batter,10,34.48275862,29,13,300,447,422,422,0,163,259,1,West Indies,0.769230769
T Muzarabani,Batter,10,31.25,32,8,195,256,267,267,0,64,203,0,Zimbabwe,1.25
TR Ambrose,Batter,10,29.41176471,34,0,0,0,461,461,0,263,198,0,England,
MA Aponso,Batter,10,22.22222222,45,10,381,431,498,498,0,231,267,0,Sri Lanka,1
R Slater,Batter,9,90,10,1,35,51,15,15,0,11,4,0,Scotland,9
Zahid Mahmood,Batter,9,75,12,4,221,218,317,317,0,160,157,0,Pakistan,2.25
VB van Jaarsveld,Batter,9,56.25,16,0,0,0,399,399,0,247,152,0,South Africa,
HR Johnson,Batter,9,42.85714286,21,1,70,67,58,58,0,27,31,0,United States of America,9
Ethan D'Souza,Batter,9,42.85714286,21,0,0,0,22,22,0,6,16,0,United Arab Emirates,
BJ Currie,Batter,9,40.90909091,22,18,266,411,85,85,0,46,39,1,Scotland,0.5
F Kasteni,Batter,9,37.5,24,0,0,0,230,230,0,56,174,0,Zimbabwe,
H Shah,Batter,9,36,25,0,55,60,34,34,0,16,18,0,Nepal,
Lovepreet Singh,Batter,9,34.61538462,26,0,0,0,22,22,0,6,16,0,United Arab Emirates,
D Murphy,Batter,9,32.14285714,28,0,0,0,100,100,0,53,47,0,Scotland,
KE Broadmore,Batter,9,26.47058824,34,1,61,74,149,149,0,79,70,0,New Zealand,9
Faisal Athar,Batter,9,23.07692308,39,0,0,0,327,327,0,164,163,0,Pakistan,
C Abel,Batter,9,19.14893617,47,5,96,156,79,79,0,43,36,0,Scotland,1.8
Rashid Zia,Batter,9,15.51724138,58,0,75,59,58,58,0,27,31,0,United States of America,
Mrittunjoy Chowdhury,Batter,8,72.72727273,11,0,68,51,145,145,0,51,94,0,Bangladesh,
ADJ Pitcher,Batter,8,66.66666667,12,0,38,38,6,6,0,2,4,0,Bermuda,
BP Kruger,Batter,8,66.66666667,12,0,23,21,21,21,0,7,14,0,Netherlands,
JI de Villiers,Batter,8,50,16,3,140,126,49,49,0,24,25,0,Namibia,2.666666667
SJ Elliott,Batter,8,50,16,0,0,0,409,409,0,291,118,0,Australia,
KK Ahmed,Batter,8,47.05882353,17,14,423,435,560,560,0,347,213,0,India,0.571428571
CA Reid,Batter,8,44.44444444,18,1,64,81,58,58,0,27,31,0,United States of America,8
RO Hinds,Batter,8,42.10526316,19,0,37,68,318,318,0,120,198,0,West Indies,
SB Bangar,Batter,8,42.10526316,19,0,60,68,104,104,0,55,49,0,India,
Dilara Akter,Batter,8,42.10526316,19,0,0,0,60,60,0,18,42,0,Bangladesh,
NJ Coffey,Batter,8,40,20,0,0,0,61,61,0,20,41,0,Ireland,
H Davids,Batter,8,32,25,0,0,0,343,343,0,205,138,0,South Africa,
PY Lavine,Batter,8,30.76923077,26,0,14,12,331,331,0,126,205,0,West Indies,
KH Butt,Batter,8,27.5862069,29,0,0,0,11,11,0,3,8,0,Hong Kong,
R Ntozakhe,Batter,8,26.66666667,30,21,582,912,464,464,0,285,179,0,South Africa,0.380952381
RH Scholte,Batter,8,25.80645161,31,0,0,0,51,51,0,16,35,0,Netherlands,
SKW Kelly,Batter,7,140,5,2,74,84,5,5,0,2,3,0,Bermuda,3.5
DSK Madushanka,Batter,7,116.6666667,6,3,26,39,294,294,0,137,157,0,Sri Lanka,2.333333333
GA Manou,Batter,7,116.6666667,6,0,0,0,135,135,0,98,37,0,Australia,
DG Blampied,Batter,7,53.84615385,13,0,78,79,4,4,0,1,3,0,Jersey,
N Rana,Batter,7,50,14,0,10,18,75,75,0,41,34,0,India,
Shawaal Zulfiqar,Batter,7,46.66666667,15,0,0,0,192,192,0,96,96,0,Pakistan,
J Glasgow,Batter,7,41.17647059,17,0,9,12,392,392,0,152,240,0,West Indies,
Naved Latif,Batter,7,41.17647059,17,0,0,0,403,403,0,199,204,0,Pakistan,
V Shetty,Batter,7,41.17647059,17,0,0,0,76,76,0,27,49,0,United Arab Emirates,
Zeeshan Siddiqi,Batter,7,33.33333333,21,0,0,0,23,23,0,6,17,0,Canada,
Hasibul Hossain,Batter,7,30.43478261,23,1,121,107,239,239,0,85,154,0,Bangladesh,7
NA Rock,Batter,7,28,25,0,0,0,115,115,0,38,77,0,Ireland,
ADR Campbell,Batter,7,28,25,0,0,0,112,112,0,28,84,0,Zimbabwe,
D Prins,Batter,7,17.5,40,0,0,0,65,65,0,21,44,0,Netherlands,
S Dhakal,Batter,7,15.90909091,44,4,149,229,43,43,0,19,24,0,Nepal,1.75
NA Statham,Batter,7,15.55555556,45,0,0,0,75,75,0,22,53,0,Netherlands,
CR Foggo,Batter,6,120,5,0,0,0,1,1,0,1,0,0,Bermuda,
SO Dowrich,Batter,6,75,8,0,0,0,71,71,0,27,44,0,West Indies,
MJ Humphreys,Batter,6,66.66666667,9,1,113,109,143,143,0,50,93,0,Ireland,6
MT Chinouya,Batter,6,66.66666667,9,1,50,68,234,234,0,57,177,0,Zimbabwe,6
M Commins,Batter,6,46.15384615,13,0,0,0,94,94,0,30,64,0,Ireland,
SR Thadani,Batter,6,46.15384615,13,0,21,19,30,30,0,14,16,0,United States of America,
TJG Pringle,Batter,6,42.85714286,14,2,222,200,41,41,0,14,27,0,Netherlands,3
J Logtenberg,Batter,6,40,15,3,18,36,384,384,0,234,150,0,South Africa,2
JE Dunford,Batter,6,35.29411765,17,0,0,0,4,4,0,1,3,0,Jersey,
MJ North,Batter,6,31.57894737,19,0,16,18,392,392,0,280,112,0,Australia,
MQ Sheikh,Batter,6,28.57142857,21,0,0,0,25,25,0,16,9,0,Scotland,
AK Peters,Batter,6,20.68965517,29,1,72,88,390,390,0,152,238,0,West Indies,6
Joginder Sharma,Batter,5,250,2,1,50,68,304,304,0,174,130,0,India,5
RT Lyons,Batter,5,166.6666667,3,1,41,62,27,27,0,17,10,0,Scotland,5
Naumanullah,Batter,5,125,4,0,0,0,306,306,0,154,152,0,Pakistan,
MKDI Amerasinghe,Batter,5,71.42857143,7,10,339,391,427,427,0,200,227,0,Sri Lanka,0.5
RT Crandon,Batter,5,55.55555556,9,0,0,0,355,355,0,138,217,0,West Indies,
Jubair Hossain,Batter,5,50,10,4,115,115,281,281,0,101,180,0,Bangladesh,1.25
NA Moodley,Batter,5,50,10,0,0,0,103,103,0,67,36,0,South Africa,
Aijaz Ali,Batter,5,45.45454545,11,0,0,0,58,58,0,27,31,0,United States of America,
RK Whelan,Batter,5,41.66666667,12,2,105,95,128,128,0,43,85,0,Ireland,2.5
MJ Fourie,Batter,5,38.46153846,13,0,52,81,128,128,0,43,85,0,Ireland,
N Fernandes,Batter,5,38.46153846,13,0,0,0,74,74,0,26,48,0,United Arab Emirates,
SG Whittingham,Batter,5,33.33333333,15,6,192,226,96,96,0,51,45,0,Scotland,0.833333333
W O'Rourke,Batter,5,33.33333333,15,8,258,287,401,401,0,208,193,0,New Zealand,0.625
JN Hamilton,Batter,5,31.25,16,0,0,0,218,218,0,79,139,0,West Indies,
Tanbir Hayder,Batter,5,29.41176471,17,0,67,60,207,207,0,76,131,0,Bangladesh,
N Kruger,Batter,5,25,20,0,0,0,69,69,0,22,47,0,Netherlands,
K Sonavale,Batter,5,17.24137931,29,2,4,15,29,29,0,15,14,0,Oman,2.5
P Roy,Batter,5,14.70588235,34,1,28,34,231,231,0,133,98,0,India,5
CK Hooper,Batter,4,133.3333333,3,1,89,72,46,46,0,15,31,0,Canada,4
A van der Merwe,Batter,4,100,4,2,79,126,140,140,0,47,93,0,Ireland,2
H Graham,Batter,4,80,5,1,30,48,491,491,0,343,148,0,Australia,4
Nahid Rana,Batter,4,80,5,2,86,104,167,167,0,60,107,0,Bangladesh,2
Kaynat Hafeez,Batter,4,66.66666667,6,0,0,0,5,5,0,4,1,0,Pakistan,
T Gwandu,Batter,4,50,8,0,38,24,242,242,0,58,184,0,Zimbabwe,
Talha Jubair,Batter,4,50,8,0,73,77,95,95,0,32,63,0,Bangladesh,
S Immadi,Batter,4,44.44444444,9,4,156,272,57,57,0,27,30,0,United States of America,1
HAPW Jayawardene,Batter,4,40,10,0,0,0,267,267,0,125,142,0,Sri Lanka,
SD Heazlett,Batter,4,36.36363636,11,0,0,0,260,260,0,191,69,0,Australia,
Sania Khan,Batter,4,33.33333333,12,2,76,111,416,416,0,205,211,0,Pakistan,2
RW Staple,Batter,4,30.76923077,13,2,78,61,58,58,0,27,31,0,United States of America,2
A Munisar,Batter,4,30.76923077,13,0,9,7,282,282,0,108,174,0,West Indies,
BB Seebaran,Batter,4,28.57142857,14,1,132,108,40,40,0,10,30,0,Canada,4
H Durham,Batter,4,28.57142857,14,2,48,62,5,5,0,2,3,0,Bermuda,2
Rony Talukdar,Batter,4,26.66666667,15,0,0,0,145,145,0,51,94,0,Bangladesh,
Sufyan Mehmood,Batter,4,25,16,0,10,9,46,46,0,25,21,0,Oman,
MWA van Nierop,Batter,4,25,16,0,0,0,50,50,0,16,34,0,Netherlands,
Muhammad Farooq,Batter,4,25,16,0,68,81,55,55,0,22,33,0,United Arab Emirates,
Z Groenewald,Batter,4,21.05263158,19,6,110,151,52,52,0,25,27,0,Namibia,0.666666667
VAB Tewarie,Batter,4,18.18181818,22,0,0,0,69,69,0,22,47,0,Netherlands,
PLS Gamage,Batter,4,14.81481481,27,10,397,418,454,454,0,212,242,0,Sri Lanka,0.4
HL Baker,Batter,3,100,3,1,78,82,490,490,0,282,208,0,England,3
Pankaj Singh,Batter,3,100,3,0,45,44,67,67,0,38,29,0,India,
S Sriram,Batter,3,60,5,3,43,56,304,304,0,174,130,0,India,1
A le Breton,Batter,3,50,6,0,0,0,207,207,0,128,79,0,South Africa,
DOD Rikhi,Batter,3,50,6,0,0,0,9,9,0,4,5,0,United States of America,
J Yadav,Batter,3,42.85714286,7,1,61,86,343,343,0,202,141,0,India,3
PT Collins,Batter,3,30,10,12,354,442,424,424,0,164,260,0,West Indies,0.25
D Soraine,Batter,3,30,10,1,38,55,32,32,0,9,23,0,Canada,3
B Siddharth,Batter,3,30,10,2,26,57,29,29,0,15,14,0,Oman,1.5
KA Blackwell,Batter,3,27.27272727,11,0,0,0,409,409,0,291,118,0,Australia,
D Gamage,Batter,3,27.27272727,11,1,59,70,331,331,0,158,173,0,Sri Lanka,3
HML Madushani,Batter,3,20,15,0,0,0,481,481,0,222,259,0,Sri Lanka,
KHRK Fernando,Batter,3,20,15,1,41,68,467,467,0,217,250,0,Sri Lanka,3
O Chare,Batter,3,16.66666667,18,3,91,116,237,237,0,57,180,0,Zimbabwe,1
Ebadat Hossain,Batter,3,16.66666667,18,21,453,505,282,282,0,102,180,0,Bangladesh,0.142857143
Sagar Pun,Batter,3,15,20,0,0,0,58,58,0,29,29,0,Nepal,
CK Kruger,Batter,3,14.28571429,21,0,0,0,11,11,0,3,8,0,Hong Kong,
A Shamshudeen,Batter,3,10,30,0,24,18,15,15,0,2,13,0,Canada,
K Kamyuka,Batter,2,100,2,5,48,47,36,36,0,9,27,0,Canada,0.4
K Gowtham,Batter,2,66.66666667,3,1,51,50,75,75,0,41,34,0,India,2
C Prathyusha,Batter,2,66.66666667,3,1,60,56,52,52,0,32,20,0,India,2
RJ Rolls,Batter,2,50,4,0,0,0,329,329,0,170,159,0,New Zealand,
LJ Hamilton,Batter,2,50,4,0,67,52,291,291,0,149,142,0,New Zealand,
KR Sen,Batter,2,50,4,2,37,33,285,285,0,162,123,0,India,1
JA Turner,Batter,2,40,5,2,70,70,495,495,0,284,211,0,England,1
KC Hodsoll,Batter,2,33.33333333,6,1,28,30,8,8,0,2,6,0,Bermuda,2
JN Rhodes,Batter,2,33.33333333,6,0,0,0,184,184,0,118,66,0,South Africa,
U Thimashini,Batter,2,33.33333333,6,0,0,0,158,158,0,72,86,0,Sri Lanka,
GH O'Brien,Batter,2,33.33333333,6,3,32,62,1,1,0,1,0,0,Bermuda,0.666666667
Z Mali,Batter,2,28.57142857,7,4,81,139,464,464,0,285,179,0,South Africa,0.5
JNK Shannon,Batter,2,25,8,0,0,0,21,21,0,7,14,0,Ireland,
BR Dorey,Batter,2,22.22222222,9,2,147,169,489,489,0,341,148,0,Australia,1
D Lakshan,Batter,2,22.22222222,9,0,12,12,204,204,0,92,112,0,Sri Lanka,
Fahad Nawaz,Batter,2,20,10,0,0,0,93,93,0,31,62,0,United Arab Emirates,
JM Willathgamuwa,Batter,2,20,10,3,63,94,30,30,0,14,16,0,United States of America,0.666666667
Umran Malik,Batter,2,18.18181818,11,13,408,381,551,551,0,339,212,0,India,0.153846154
PG Gillespie,Batter,2,18.18181818,11,0,0,0,149,149,0,53,96,0,Ireland,
Akhil Kumar,Batter,2,18.18181818,11,4,84,106,27,27,0,7,20,0,Canada,0.5
Tareq Aziz,Batter,2,18.18181818,11,2,35,53,48,48,0,14,34,0,Bangladesh,1
PA Desai,Batter,2,16.66666667,12,6,115,181,46,46,0,15,31,0,Canada,0.333333333
KL Rolton,Batter,2,16.66666667,12,0,0,0,416,416,0,296,120,0,Australia,
RA Lewis,Batter,2,15.38461538,13,1,31,31,139,139,0,47,92,0,Ireland,2
Hussain Talat,Batter,2,14.28571429,14,0,17,13,315,315,0,159,156,0,Pakistan,
HE Whelan,Batter,2,12.5,16,0,25,42,61,61,0,20,41,0,Ireland,
J Pashley,Batter,2,11.76470588,17,0,0,0,65,65,0,21,44,0,Netherlands,
M Prasidh Krishna,Batter,2,11.11111111,18,30,756,819,572,572,0,355,217,1,India,0.066666667
SC Meaker,Batter,2,11.11111111,18,2,113,117,292,292,0,173,119,0,England,1
Nasir Javed,Batter,2,10,20,0,0,0,58,58,0,27,31,0,United States of America,
HWR Cartwright,Batter,2,8.695652174,23,0,0,0,376,376,0,270,106,0,Australia,
GJ McCarter,Batter,1,100,1,0,38,48,120,120,0,39,81,0,Ireland,
G Onions,Batter,1,50,2,4,189,215,496,496,0,284,212,0,England,0.25
JW Wilson,Batter,1,50,2,1,68,54,291,291,0,149,142,0,New Zealand,1
LE Milliken,Batter,1,33.33333333,3,1,37,49,329,329,0,170,159,0,New Zealand,1
Alawi Shukri,Batter,1,33.33333333,3,0,0,0,74,74,0,26,48,0,United Arab Emirates,
G Fontenla,Batter,1,33.33333333,3,3,65,102,59,59,0,33,26,0,Scotland,0.333333333
Tharika Sewwandi,Batter,1,33.33333333,3,0,14,13,263,263,0,124,139,0,Sri Lanka,
Khaled Ahmed,Batter,1,25,4,3,72,80,327,327,0,127,200,0,Bangladesh,0.333333333
Zakir Hasan,Batter,1,20,5,0,0,0,327,327,0,127,200,0,Bangladesh,
LC Romero,Batter,1,14.28571429,7,1,52,26,58,58,0,27,31,0,United States of America,1
EJB Miles,Batter,1,14.28571429,7,4,117,120,4,4,0,1,3,0,Jersey,0.25
Omid Shafi Rahman,Batter,1,14.28571429,7,0,104,80,55,55,0,22,33,0,United Arab Emirates,
RR Ramdass,Batter,1,11.11111111,9,0,0,0,203,203,0,74,129,0,West Indies,
NV Ojha,Batter,1,11.11111111,9,0,0,0,67,67,0,38,29,0,India,
K Mahato,Batter,1,10,10,2,77,85,40,40,0,18,22,0,Nepal,0.5
W Mwayenga,Batter,1,9.090909091,11,1,86,74,131,131,0,32,99,0,Zimbabwe,1
Jannatul Ferdus,Batter,1,7.692307692,13,0,0,0,162,162,0,58,104,0,Bangladesh,
AD Janakanthymala,Batter,1,6.666666667,15,2,47,67,340,340,0,160,180,0,Sri Lanka,0.5
CM Beggs,Batter,1,6.25,16,0,0,0,61,61,0,20,41,0,Ireland,
Moniruzzaman,Batter,1,5,20,0,0,0,168,168,0,60,108,0,Bangladesh,
MT Herbert,Batter,1,4.545454545,22,0,15,18,61,61,0,20,41,0,Ireland,
SD Udal,Batter,0,0,2,1,29,42,503,503,0,288,215,0,England,0
RA Rolfe,Batter,0,0,3,0,0,0,160,160,0,56,104,0,Ireland,
PHT Kaushal,Batter,0,0,1,0,25,36,486,486,0,226,260,0,Sri Lanka,
D Foxcroft,Batter,0,0,1,0,0,0,416,416,0,219,197,0,New Zealand,
Fazle Mahmud,Batter,0,0,9,0,16,20,319,319,0,121,198,0,Bangladesh,
V Buruka,Batter,0,0,8,3,106,143,56,56,0,10,46,0,Papua New Guinea,0
Fariha Trisna,Batter,0,0,14,6,144,208,314,314,0,118,196,0,Bangladesh,0
R Walters,Batter,0,0,6,0,0,0,51,51,0,24,27,0,Namibia,
DL Blake,Batter,0,0,2,0,8,6,58,58,0,27,31,0,United States of America,
F Hand,Batter,0,0,1,1,45,49,143,143,0,50,93,0,Ireland,0
JS Ababu,Batter,0,0,9,1,75,81,35,35,0,11,24,0,Kenya,0
TJ Bishop,Batter,0,0,6,0,0,0,377,377,0,147,230,0,West Indies,
AG Puttick,Batter,0,0,5,0,0,0,406,406,0,252,154,0,South Africa,
VCE Wattenberg,Batter,0,0,3,0,0,0,65,65,0,21,44,0,Netherlands,
LM Hoitink,Batter,0,0,17,0,0,0,65,65,0,21,44,0,Netherlands,
K Phillip,Batter,0,0,2,3,159,171,53,53,0,24,29,0,United States of America,0
MF Fahey,Batter,0,0,7,0,0,0,329,329,0,170,159,0,New Zealand,
AL Watkins,Batter,0,0,1,0,21,13,329,329,0,170,159,0,New Zealand,
SI Galagedara,Batter,0,0,11,0,0,0,340,340,0,160,180,0,Sri Lanka,
OC McCoy,Batter,0,0,1,4,110,87,260,260,0,102,158,0,West Indies,0
GA Guy,Batter,0,0,4,0,20,19,270,270,0,136,134,0,New Zealand,
APS Lakshika,Batter,0,0,4,0,0,0,273,273,0,128,145,0,Sri Lanka,
Melanie Ani,Batter,0,0,2,0,0,0,33,33,0,6,27,0,Papua New Guinea,
Shahbaz Ahmed,Batter,0,0,4,3,129,156,285,285,0,162,123,0,India,0
Raza Hasan,Batter,0,0,3,2,68,62,199,199,0,99,100,0,Pakistan,0
A Chopra,Batter,0,0,8,0,0,0,231,231,0,133,98,0,India,
SK Naidu,Batter,0,0,3,0,22,18,231,231,0,133,98,0,India,
JA Whelan,Batter,0,0,2,0,7,15,61,61,0,20,41,0,Ireland,
JC Carroll,Batter,0,0,7,0,0,0,61,61,0,20,41,0,Ireland,
Sumaiya Akter,Batter,0,0,4,0,0,0,115,115,0,38,77,0,Bangladesh,
KL Tucker,Batter,0,0,4,0,0,0,2,2,0,1,1,0,Bermuda,
Pooja Ganesh,Batter,0,0,9,0,0,0,20,20,0,11,9,0,United States of America,
CK Holder,Batter,0,0,3,0,26,20,79,79,0,28,51,0,West Indies,
S Lackay,Batter,0,0,2,0,0,0,94,94,0,59,35,0,South Africa,
Sufiyan Muqeem,Batter,0,0,1,4,53,49,68,68,0,38,30,0,Pakistan,0
Simandeep Singh,Batter,0,0,7,0,0,0,2,2,0,0,2,0,Hong Kong,
Shathira Jakir,Batter,0,0,2,0,22,19,46,46,0,14,32,0,Bangladesh,
Sultana Yesmin,Batter,0,0,1,0,0,0,46,46,0,14,32,0,Bangladesh,
C Sakariya,Batter,0,0,1,2,34,51,75,75,0,41,34,0,India,0
Shahriar Hossain,Batter,0,0,3,0,0,0,40,40,0,11,29,0,Bangladesh,
Salman Faris,Batter,0,0,2,0,0,0,8,8,0,3,5,0,United Arab Emirates,
Haseebullah Khan,Batter,0,0,2,0,0,0,12,12,0,6,6,0,Pakistan,
Syeda Aroob Shah,Batter,0,0,1,0,0,0,5,5,0,4,1,0,Pakistan,
